--
-- PostgreSQL database dump
--

-- Dumped from database version 15.2
-- Dumped by pg_dump version 15.2

-- Started on 2023-05-28 09:41:43

SET statement_timeout = 0;
SET lock_timeout = 0;
SET idle_in_transaction_session_timeout = 0;
SET client_encoding = 'UTF8';
SET standard_conforming_strings = on;
SELECT pg_catalog.set_config('search_path', '', false);
SET check_function_bodies = false;
SET xmloption = content;
SET client_min_messages = warning;
SET row_security = off;

SET default_tablespace = '';

SET default_table_access_method = heap;

--
-- TOC entry 221 (class 1259 OID 116593)
-- Name: auth_group; Type: TABLE; Schema: public; Owner: postgres
--

CREATE TABLE public.auth_group (
    id integer NOT NULL,
    name character varying(150) NOT NULL
);


ALTER TABLE public.auth_group OWNER TO postgres;

--
-- TOC entry 220 (class 1259 OID 116592)
-- Name: auth_group_id_seq; Type: SEQUENCE; Schema: public; Owner: postgres
--

ALTER TABLE public.auth_group ALTER COLUMN id ADD GENERATED BY DEFAULT AS IDENTITY (
    SEQUENCE NAME public.auth_group_id_seq
    START WITH 1
    INCREMENT BY 1
    NO MINVALUE
    NO MAXVALUE
    CACHE 1
);


--
-- TOC entry 223 (class 1259 OID 116601)
-- Name: auth_group_permissions; Type: TABLE; Schema: public; Owner: postgres
--

CREATE TABLE public.auth_group_permissions (
    id bigint NOT NULL,
    group_id integer NOT NULL,
    permission_id integer NOT NULL
);


ALTER TABLE public.auth_group_permissions OWNER TO postgres;

--
-- TOC entry 222 (class 1259 OID 116600)
-- Name: auth_group_permissions_id_seq; Type: SEQUENCE; Schema: public; Owner: postgres
--

ALTER TABLE public.auth_group_permissions ALTER COLUMN id ADD GENERATED BY DEFAULT AS IDENTITY (
    SEQUENCE NAME public.auth_group_permissions_id_seq
    START WITH 1
    INCREMENT BY 1
    NO MINVALUE
    NO MAXVALUE
    CACHE 1
);


--
-- TOC entry 219 (class 1259 OID 116587)
-- Name: auth_permission; Type: TABLE; Schema: public; Owner: postgres
--

CREATE TABLE public.auth_permission (
    id integer NOT NULL,
    name character varying(255) NOT NULL,
    content_type_id integer NOT NULL,
    codename character varying(100) NOT NULL
);


ALTER TABLE public.auth_permission OWNER TO postgres;

--
-- TOC entry 218 (class 1259 OID 116586)
-- Name: auth_permission_id_seq; Type: SEQUENCE; Schema: public; Owner: postgres
--

ALTER TABLE public.auth_permission ALTER COLUMN id ADD GENERATED BY DEFAULT AS IDENTITY (
    SEQUENCE NAME public.auth_permission_id_seq
    START WITH 1
    INCREMENT BY 1
    NO MINVALUE
    NO MAXVALUE
    CACHE 1
);


--
-- TOC entry 225 (class 1259 OID 116607)
-- Name: auth_user; Type: TABLE; Schema: public; Owner: postgres
--

CREATE TABLE public.auth_user (
    id integer NOT NULL,
    password character varying(128) NOT NULL,
    last_login timestamp with time zone,
    is_superuser boolean NOT NULL,
    username character varying(150) NOT NULL,
    first_name character varying(150) NOT NULL,
    last_name character varying(150) NOT NULL,
    email character varying(254) NOT NULL,
    is_staff boolean NOT NULL,
    is_active boolean NOT NULL,
    date_joined timestamp with time zone NOT NULL
);


ALTER TABLE public.auth_user OWNER TO postgres;

--
-- TOC entry 227 (class 1259 OID 116615)
-- Name: auth_user_groups; Type: TABLE; Schema: public; Owner: postgres
--

CREATE TABLE public.auth_user_groups (
    id bigint NOT NULL,
    user_id integer NOT NULL,
    group_id integer NOT NULL
);


ALTER TABLE public.auth_user_groups OWNER TO postgres;

--
-- TOC entry 226 (class 1259 OID 116614)
-- Name: auth_user_groups_id_seq; Type: SEQUENCE; Schema: public; Owner: postgres
--

ALTER TABLE public.auth_user_groups ALTER COLUMN id ADD GENERATED BY DEFAULT AS IDENTITY (
    SEQUENCE NAME public.auth_user_groups_id_seq
    START WITH 1
    INCREMENT BY 1
    NO MINVALUE
    NO MAXVALUE
    CACHE 1
);


--
-- TOC entry 224 (class 1259 OID 116606)
-- Name: auth_user_id_seq; Type: SEQUENCE; Schema: public; Owner: postgres
--

ALTER TABLE public.auth_user ALTER COLUMN id ADD GENERATED BY DEFAULT AS IDENTITY (
    SEQUENCE NAME public.auth_user_id_seq
    START WITH 1
    INCREMENT BY 1
    NO MINVALUE
    NO MAXVALUE
    CACHE 1
);


--
-- TOC entry 229 (class 1259 OID 116621)
-- Name: auth_user_user_permissions; Type: TABLE; Schema: public; Owner: postgres
--

CREATE TABLE public.auth_user_user_permissions (
    id bigint NOT NULL,
    user_id integer NOT NULL,
    permission_id integer NOT NULL
);


ALTER TABLE public.auth_user_user_permissions OWNER TO postgres;

--
-- TOC entry 228 (class 1259 OID 116620)
-- Name: auth_user_user_permissions_id_seq; Type: SEQUENCE; Schema: public; Owner: postgres
--

ALTER TABLE public.auth_user_user_permissions ALTER COLUMN id ADD GENERATED BY DEFAULT AS IDENTITY (
    SEQUENCE NAME public.auth_user_user_permissions_id_seq
    START WITH 1
    INCREMENT BY 1
    NO MINVALUE
    NO MAXVALUE
    CACHE 1
);


--
-- TOC entry 231 (class 1259 OID 116679)
-- Name: django_admin_log; Type: TABLE; Schema: public; Owner: postgres
--

CREATE TABLE public.django_admin_log (
    id integer NOT NULL,
    action_time timestamp with time zone NOT NULL,
    object_id text,
    object_repr character varying(200) NOT NULL,
    action_flag smallint NOT NULL,
    change_message text NOT NULL,
    content_type_id integer,
    user_id integer NOT NULL,
    CONSTRAINT django_admin_log_action_flag_check CHECK ((action_flag >= 0))
);


ALTER TABLE public.django_admin_log OWNER TO postgres;

--
-- TOC entry 230 (class 1259 OID 116678)
-- Name: django_admin_log_id_seq; Type: SEQUENCE; Schema: public; Owner: postgres
--

ALTER TABLE public.django_admin_log ALTER COLUMN id ADD GENERATED BY DEFAULT AS IDENTITY (
    SEQUENCE NAME public.django_admin_log_id_seq
    START WITH 1
    INCREMENT BY 1
    NO MINVALUE
    NO MAXVALUE
    CACHE 1
);


--
-- TOC entry 217 (class 1259 OID 116579)
-- Name: django_content_type; Type: TABLE; Schema: public; Owner: postgres
--

CREATE TABLE public.django_content_type (
    id integer NOT NULL,
    app_label character varying(100) NOT NULL,
    model character varying(100) NOT NULL
);


ALTER TABLE public.django_content_type OWNER TO postgres;

--
-- TOC entry 216 (class 1259 OID 116578)
-- Name: django_content_type_id_seq; Type: SEQUENCE; Schema: public; Owner: postgres
--

ALTER TABLE public.django_content_type ALTER COLUMN id ADD GENERATED BY DEFAULT AS IDENTITY (
    SEQUENCE NAME public.django_content_type_id_seq
    START WITH 1
    INCREMENT BY 1
    NO MINVALUE
    NO MAXVALUE
    CACHE 1
);


--
-- TOC entry 215 (class 1259 OID 116571)
-- Name: django_migrations; Type: TABLE; Schema: public; Owner: postgres
--

CREATE TABLE public.django_migrations (
    id bigint NOT NULL,
    app character varying(255) NOT NULL,
    name character varying(255) NOT NULL,
    applied timestamp with time zone NOT NULL
);


ALTER TABLE public.django_migrations OWNER TO postgres;

--
-- TOC entry 214 (class 1259 OID 116570)
-- Name: django_migrations_id_seq; Type: SEQUENCE; Schema: public; Owner: postgres
--

ALTER TABLE public.django_migrations ALTER COLUMN id ADD GENERATED BY DEFAULT AS IDENTITY (
    SEQUENCE NAME public.django_migrations_id_seq
    START WITH 1
    INCREMENT BY 1
    NO MINVALUE
    NO MAXVALUE
    CACHE 1
);


--
-- TOC entry 232 (class 1259 OID 116707)
-- Name: django_session; Type: TABLE; Schema: public; Owner: postgres
--

CREATE TABLE public.django_session (
    session_key character varying(40) NOT NULL,
    session_data text NOT NULL,
    expire_date timestamp with time zone NOT NULL
);


ALTER TABLE public.django_session OWNER TO postgres;

--
-- TOC entry 241 (class 1259 OID 116772)
-- Name: website_comment; Type: TABLE; Schema: public; Owner: postgres
--

CREATE TABLE public.website_comment (
    id integer NOT NULL,
    name_id character varying(9),
    body text NOT NULL,
    data_added timestamp with time zone NOT NULL,
    post_id integer NOT NULL
);


ALTER TABLE public.website_comment OWNER TO postgres;

--
-- TOC entry 233 (class 1259 OID 116716)
-- Name: website_customer; Type: TABLE; Schema: public; Owner: postgres
--

CREATE TABLE public.website_customer (
    id character varying(9) NOT NULL,
    "Image" character varying(100) NOT NULL,
    "Name" character varying(200),
    "Phone" character varying(200),
    "Email" character varying(200),
    is_email_verified boolean NOT NULL,
    "Twitter" character varying(200),
    "Instagram" character varying(200),
    "Facebook" character varying(200),
    point double precision NOT NULL,
    "Address" character varying(200),
    "DataCreated" timestamp with time zone,
    "User_id" integer,
    auth_token integer
);


ALTER TABLE public.website_customer OWNER TO postgres;

--
-- TOC entry 240 (class 1259 OID 116765)
-- Name: website_customervouchers; Type: TABLE; Schema: public; Owner: postgres
--

CREATE TABLE public.website_customervouchers (
    id integer NOT NULL,
    "Buy_time" timestamp with time zone,
    "GenerateCode" character varying(9),
    "Customer_id_id" character varying(9) NOT NULL,
    "Voucher_id_id" integer NOT NULL
);


ALTER TABLE public.website_customervouchers OWNER TO postgres;

--
-- TOC entry 234 (class 1259 OID 116725)
-- Name: website_news; Type: TABLE; Schema: public; Owner: postgres
--

CREATE TABLE public.website_news (
    id integer NOT NULL,
    title character varying(255) NOT NULL,
    "Create" timestamp with time zone,
    body text NOT NULL
);


ALTER TABLE public.website_news OWNER TO postgres;

--
-- TOC entry 235 (class 1259 OID 116732)
-- Name: website_partner; Type: TABLE; Schema: public; Owner: postgres
--

CREATE TABLE public.website_partner (
    id integer NOT NULL,
    "Image" character varying(100) NOT NULL,
    "CreateAt" timestamp with time zone,
    "Name" character varying(200),
    "Phone" character varying(200),
    "Email" character varying(200)
);


ALTER TABLE public.website_partner OWNER TO postgres;

--
-- TOC entry 236 (class 1259 OID 116739)
-- Name: website_trashdetail; Type: TABLE; Schema: public; Owner: postgres
--

CREATE TABLE public.website_trashdetail (
    id integer NOT NULL,
    recycle integer,
    dangerous integer,
    othergarbage integer,
    description character varying(300),
    iduser_id character varying(9) NOT NULL
);


ALTER TABLE public.website_trashdetail OWNER TO postgres;

--
-- TOC entry 239 (class 1259 OID 116756)
-- Name: website_trashlist; Type: TABLE; Schema: public; Owner: postgres
--

CREATE TABLE public.website_trashlist (
    id integer NOT NULL,
    createat timestamp with time zone,
    numoftrash integer,
    totalscore double precision,
    description text NOT NULL,
    iduser_id character varying(9),
    trash_detail_id integer
);


ALTER TABLE public.website_trashlist OWNER TO postgres;

--
-- TOC entry 237 (class 1259 OID 116744)
-- Name: website_trashtype; Type: TABLE; Schema: public; Owner: postgres
--

CREATE TABLE public.website_trashtype (
    id integer NOT NULL,
    "Name" character varying(10),
    "Point" integer
);


ALTER TABLE public.website_trashtype OWNER TO postgres;

--
-- TOC entry 238 (class 1259 OID 116749)
-- Name: website_voucher; Type: TABLE; Schema: public; Owner: postgres
--

CREATE TABLE public.website_voucher (
    id integer NOT NULL,
    title character varying(255) NOT NULL,
    "AmountAvailable" integer,
    "Create" timestamp with time zone,
    body text NOT NULL,
    "NeededPoint" double precision NOT NULL,
    author_id integer NOT NULL
);


ALTER TABLE public.website_voucher OWNER TO postgres;

--
-- TOC entry 3505 (class 0 OID 116593)
-- Dependencies: 221
-- Data for Name: auth_group; Type: TABLE DATA; Schema: public; Owner: postgres
--



--
-- TOC entry 3507 (class 0 OID 116601)
-- Dependencies: 223
-- Data for Name: auth_group_permissions; Type: TABLE DATA; Schema: public; Owner: postgres
--



--
-- TOC entry 3503 (class 0 OID 116587)
-- Dependencies: 219
-- Data for Name: auth_permission; Type: TABLE DATA; Schema: public; Owner: postgres
--

INSERT INTO public.auth_permission (id, name, content_type_id, codename) VALUES (1, 'Can add customer', 1, 'add_customer');
INSERT INTO public.auth_permission (id, name, content_type_id, codename) VALUES (2, 'Can change customer', 1, 'change_customer');
INSERT INTO public.auth_permission (id, name, content_type_id, codename) VALUES (3, 'Can delete customer', 1, 'delete_customer');
INSERT INTO public.auth_permission (id, name, content_type_id, codename) VALUES (4, 'Can view customer', 1, 'view_customer');
INSERT INTO public.auth_permission (id, name, content_type_id, codename) VALUES (5, 'Can add news', 2, 'add_news');
INSERT INTO public.auth_permission (id, name, content_type_id, codename) VALUES (6, 'Can change news', 2, 'change_news');
INSERT INTO public.auth_permission (id, name, content_type_id, codename) VALUES (7, 'Can delete news', 2, 'delete_news');
INSERT INTO public.auth_permission (id, name, content_type_id, codename) VALUES (8, 'Can view news', 2, 'view_news');
INSERT INTO public.auth_permission (id, name, content_type_id, codename) VALUES (9, 'Can add partner', 3, 'add_partner');
INSERT INTO public.auth_permission (id, name, content_type_id, codename) VALUES (10, 'Can change partner', 3, 'change_partner');
INSERT INTO public.auth_permission (id, name, content_type_id, codename) VALUES (11, 'Can delete partner', 3, 'delete_partner');
INSERT INTO public.auth_permission (id, name, content_type_id, codename) VALUES (12, 'Can view partner', 3, 'view_partner');
INSERT INTO public.auth_permission (id, name, content_type_id, codename) VALUES (13, 'Can add trash detail', 4, 'add_trashdetail');
INSERT INTO public.auth_permission (id, name, content_type_id, codename) VALUES (14, 'Can change trash detail', 4, 'change_trashdetail');
INSERT INTO public.auth_permission (id, name, content_type_id, codename) VALUES (15, 'Can delete trash detail', 4, 'delete_trashdetail');
INSERT INTO public.auth_permission (id, name, content_type_id, codename) VALUES (16, 'Can view trash detail', 4, 'view_trashdetail');
INSERT INTO public.auth_permission (id, name, content_type_id, codename) VALUES (17, 'Can add trash type', 5, 'add_trashtype');
INSERT INTO public.auth_permission (id, name, content_type_id, codename) VALUES (18, 'Can change trash type', 5, 'change_trashtype');
INSERT INTO public.auth_permission (id, name, content_type_id, codename) VALUES (19, 'Can delete trash type', 5, 'delete_trashtype');
INSERT INTO public.auth_permission (id, name, content_type_id, codename) VALUES (20, 'Can view trash type', 5, 'view_trashtype');
INSERT INTO public.auth_permission (id, name, content_type_id, codename) VALUES (21, 'Can add voucher', 6, 'add_voucher');
INSERT INTO public.auth_permission (id, name, content_type_id, codename) VALUES (22, 'Can change voucher', 6, 'change_voucher');
INSERT INTO public.auth_permission (id, name, content_type_id, codename) VALUES (23, 'Can delete voucher', 6, 'delete_voucher');
INSERT INTO public.auth_permission (id, name, content_type_id, codename) VALUES (24, 'Can view voucher', 6, 'view_voucher');
INSERT INTO public.auth_permission (id, name, content_type_id, codename) VALUES (25, 'Can add trash list', 7, 'add_trashlist');
INSERT INTO public.auth_permission (id, name, content_type_id, codename) VALUES (26, 'Can change trash list', 7, 'change_trashlist');
INSERT INTO public.auth_permission (id, name, content_type_id, codename) VALUES (27, 'Can delete trash list', 7, 'delete_trashlist');
INSERT INTO public.auth_permission (id, name, content_type_id, codename) VALUES (28, 'Can view trash list', 7, 'view_trashlist');
INSERT INTO public.auth_permission (id, name, content_type_id, codename) VALUES (29, 'Can add customer vouchers', 8, 'add_customervouchers');
INSERT INTO public.auth_permission (id, name, content_type_id, codename) VALUES (30, 'Can change customer vouchers', 8, 'change_customervouchers');
INSERT INTO public.auth_permission (id, name, content_type_id, codename) VALUES (31, 'Can delete customer vouchers', 8, 'delete_customervouchers');
INSERT INTO public.auth_permission (id, name, content_type_id, codename) VALUES (32, 'Can view customer vouchers', 8, 'view_customervouchers');
INSERT INTO public.auth_permission (id, name, content_type_id, codename) VALUES (33, 'Can add comment', 9, 'add_comment');
INSERT INTO public.auth_permission (id, name, content_type_id, codename) VALUES (34, 'Can change comment', 9, 'change_comment');
INSERT INTO public.auth_permission (id, name, content_type_id, codename) VALUES (35, 'Can delete comment', 9, 'delete_comment');
INSERT INTO public.auth_permission (id, name, content_type_id, codename) VALUES (36, 'Can view comment', 9, 'view_comment');
INSERT INTO public.auth_permission (id, name, content_type_id, codename) VALUES (37, 'Can add log entry', 10, 'add_logentry');
INSERT INTO public.auth_permission (id, name, content_type_id, codename) VALUES (38, 'Can change log entry', 10, 'change_logentry');
INSERT INTO public.auth_permission (id, name, content_type_id, codename) VALUES (39, 'Can delete log entry', 10, 'delete_logentry');
INSERT INTO public.auth_permission (id, name, content_type_id, codename) VALUES (40, 'Can view log entry', 10, 'view_logentry');
INSERT INTO public.auth_permission (id, name, content_type_id, codename) VALUES (41, 'Can add permission', 11, 'add_permission');
INSERT INTO public.auth_permission (id, name, content_type_id, codename) VALUES (42, 'Can change permission', 11, 'change_permission');
INSERT INTO public.auth_permission (id, name, content_type_id, codename) VALUES (43, 'Can delete permission', 11, 'delete_permission');
INSERT INTO public.auth_permission (id, name, content_type_id, codename) VALUES (44, 'Can view permission', 11, 'view_permission');
INSERT INTO public.auth_permission (id, name, content_type_id, codename) VALUES (45, 'Can add group', 12, 'add_group');
INSERT INTO public.auth_permission (id, name, content_type_id, codename) VALUES (46, 'Can change group', 12, 'change_group');
INSERT INTO public.auth_permission (id, name, content_type_id, codename) VALUES (47, 'Can delete group', 12, 'delete_group');
INSERT INTO public.auth_permission (id, name, content_type_id, codename) VALUES (48, 'Can view group', 12, 'view_group');
INSERT INTO public.auth_permission (id, name, content_type_id, codename) VALUES (49, 'Can add user', 13, 'add_user');
INSERT INTO public.auth_permission (id, name, content_type_id, codename) VALUES (50, 'Can change user', 13, 'change_user');
INSERT INTO public.auth_permission (id, name, content_type_id, codename) VALUES (51, 'Can delete user', 13, 'delete_user');
INSERT INTO public.auth_permission (id, name, content_type_id, codename) VALUES (52, 'Can view user', 13, 'view_user');
INSERT INTO public.auth_permission (id, name, content_type_id, codename) VALUES (53, 'Can add content type', 14, 'add_contenttype');
INSERT INTO public.auth_permission (id, name, content_type_id, codename) VALUES (54, 'Can change content type', 14, 'change_contenttype');
INSERT INTO public.auth_permission (id, name, content_type_id, codename) VALUES (55, 'Can delete content type', 14, 'delete_contenttype');
INSERT INTO public.auth_permission (id, name, content_type_id, codename) VALUES (56, 'Can view content type', 14, 'view_contenttype');
INSERT INTO public.auth_permission (id, name, content_type_id, codename) VALUES (57, 'Can add session', 15, 'add_session');
INSERT INTO public.auth_permission (id, name, content_type_id, codename) VALUES (58, 'Can change session', 15, 'change_session');
INSERT INTO public.auth_permission (id, name, content_type_id, codename) VALUES (59, 'Can delete session', 15, 'delete_session');
INSERT INTO public.auth_permission (id, name, content_type_id, codename) VALUES (60, 'Can view session', 15, 'view_session');


--
-- TOC entry 3509 (class 0 OID 116607)
-- Dependencies: 225
-- Data for Name: auth_user; Type: TABLE DATA; Schema: public; Owner: postgres
--

INSERT INTO public.auth_user (id, password, last_login, is_superuser, username, first_name, last_name, email, is_staff, is_active, date_joined) VALUES (6, 'pbkdf2_sha256$260000$BXnSdUa5WtlHP2jUNxzrTk$zDJAmSTW9guTVIMYhDxbOLJVgDohQqnwlNCF2j9ifyU=', '2023-05-26 18:35:14.313677+07', false, 'vitrannhat8', '', '', 'vitrannhat8@gmail.com', false, true, '2023-05-25 23:27:26.050891+07');
INSERT INTO public.auth_user (id, password, last_login, is_superuser, username, first_name, last_name, email, is_staff, is_active, date_joined) VALUES (3, 'pbkdf2_sha256$260000$T3f8zgUbztHN3IbdrI9RYH$r5yCW9gubr+n4I1xs5W0rkyWgIk1PT2VsVQDKII7X5A=', '2023-05-25 01:32:47.06635+07', false, 'maixuandong1', '', '', 'mxd30012001@gmail.com', false, true, '2023-05-25 01:32:43.038223+07');
INSERT INTO public.auth_user (id, password, last_login, is_superuser, username, first_name, last_name, email, is_staff, is_active, date_joined) VALUES (1, 'pbkdf2_sha256$260000$aG6MgmBStCXy5Pme3kvcyg$5sRFHri/iQrDLzeaOWtHCcjorzJ7nKyi+bjkxyC//Jg=', '2023-05-26 02:15:39.369227+07', true, 'admin', '', '', '', true, true, '2023-05-08 16:05:15.957146+07');
INSERT INTO public.auth_user (id, password, last_login, is_superuser, username, first_name, last_name, email, is_staff, is_active, date_joined) VALUES (4, 'pbkdf2_sha256$260000$BoQ5jM20mgcj6cX725cfAm$T09/VH0CcvsVjyC3Va39vGJllxISKSjLyu4IxBIqS+E=', '2023-05-25 01:52:57.81818+07', false, 'vitrannhat', '', '', 'vitrannhat@gmail.com', false, true, '2023-05-25 01:52:54.159448+07');
INSERT INTO public.auth_user (id, password, last_login, is_superuser, username, first_name, last_name, email, is_staff, is_active, date_joined) VALUES (2, 'pbkdf2_sha256$260000$dQ1AP4tV43EccvRvZeqrvG$Ew/DlcK5LNFJtnyPfM/Ai+0orrHzZuaOdfPh5oWVZ84=', '2023-05-26 20:53:12.387759+07', false, 'vitrannhat1', '', '', 'vitrannhat1@gmail.com', false, true, '2023-05-08 16:07:43.05027+07');
INSERT INTO public.auth_user (id, password, last_login, is_superuser, username, first_name, last_name, email, is_staff, is_active, date_joined) VALUES (5, 'pbkdf2_sha256$260000$Uh9VXrYPunHBsyMt96lOV4$EgEqNgpTRnxeoRzSryw3sKhCJNSPCSRpobKzL3gLaqs=', '2023-05-25 18:59:37.910334+07', false, 'tientrannhat10', '', '', 'tientrannhat11@gmail.com', false, true, '2023-05-25 17:38:00.385648+07');
INSERT INTO public.auth_user (id, password, last_login, is_superuser, username, first_name, last_name, email, is_staff, is_active, date_joined) VALUES (7, 'pbkdf2_sha256$260000$ZLpC8JCa3jXDcWXdXWJZSm$iHtNx6tFfUiIyVSxKF8GgOHzHKfdZ5ZQStpw5tfztwg=', '2023-05-26 03:55:55.832828+07', false, 'trannhatvi1', '', '', 'trannhatvi1@dtu.edu.vn', false, true, '2023-05-26 03:55:22.293245+07');


--
-- TOC entry 3511 (class 0 OID 116615)
-- Dependencies: 227
-- Data for Name: auth_user_groups; Type: TABLE DATA; Schema: public; Owner: postgres
--



--
-- TOC entry 3513 (class 0 OID 116621)
-- Dependencies: 229
-- Data for Name: auth_user_user_permissions; Type: TABLE DATA; Schema: public; Owner: postgres
--



--
-- TOC entry 3515 (class 0 OID 116679)
-- Dependencies: 231
-- Data for Name: django_admin_log; Type: TABLE DATA; Schema: public; Owner: postgres
--

INSERT INTO public.django_admin_log (id, action_time, object_id, object_repr, action_flag, change_message, content_type_id, user_id) VALUES (1, '2023-05-08 16:06:13.108529+07', '9102', 'Samsung', 1, '[{"added": {}}]', 3, 1);
INSERT INTO public.django_admin_log (id, action_time, object_id, object_repr, action_flag, change_message, content_type_id, user_id) VALUES (2, '2023-05-08 16:06:34.287554+07', '8231', 'Sample', 1, '[{"added": {}}]', 3, 1);
INSERT INTO public.django_admin_log (id, action_time, object_id, object_repr, action_flag, change_message, content_type_id, user_id) VALUES (3, '2023-05-08 16:07:08.503057+07', '9314', 'Mua 1 tặng 1 khi mua tại quầy Highland | Samsung', 1, '[{"added": {}}]', 6, 1);
INSERT INTO public.django_admin_log (id, action_time, object_id, object_repr, action_flag, change_message, content_type_id, user_id) VALUES (4, '2023-05-08 16:07:27.887124+07', '7318', 'Giảm 10% thanh toán hóa đơn điện tử từ 50K | Sample', 1, '[{"added": {}}]', 6, 1);
INSERT INTO public.django_admin_log (id, action_time, object_id, object_repr, action_flag, change_message, content_type_id, user_id) VALUES (5, '2023-05-10 22:09:31.485047+07', '2977', 'Vi Nhat', 2, '[{"changed": {"fields": ["Image", "Name", "Phone", "Twitter", "Instagram", "Facebook", "Address"]}}]', 1, 1);
INSERT INTO public.django_admin_log (id, action_time, object_id, object_repr, action_flag, change_message, content_type_id, user_id) VALUES (6, '2023-05-20 04:20:54.841634+07', '4248', 'Highland', 1, '[{"added": {}}]', 3, 1);
INSERT INTO public.django_admin_log (id, action_time, object_id, object_repr, action_flag, change_message, content_type_id, user_id) VALUES (7, '2023-05-20 04:21:04.092952+07', '4248', 'Highland', 2, '[]', 3, 1);
INSERT INTO public.django_admin_log (id, action_time, object_id, object_repr, action_flag, change_message, content_type_id, user_id) VALUES (8, '2023-05-20 04:21:08.322143+07', '4248', 'Highland', 2, '[]', 3, 1);
INSERT INTO public.django_admin_log (id, action_time, object_id, object_repr, action_flag, change_message, content_type_id, user_id) VALUES (9, '2023-05-20 04:21:25.022152+07', '8231', 'Sample', 2, '[{"changed": {"fields": ["Image"]}}]', 3, 1);
INSERT INTO public.django_admin_log (id, action_time, object_id, object_repr, action_flag, change_message, content_type_id, user_id) VALUES (10, '2023-05-20 04:21:37.263437+07', '9102', 'Samsung', 2, '[{"changed": {"fields": ["Image"]}}]', 3, 1);
INSERT INTO public.django_admin_log (id, action_time, object_id, object_repr, action_flag, change_message, content_type_id, user_id) VALUES (11, '2023-05-20 04:21:41.011909+07', '9102', 'Samsung', 2, '[]', 3, 1);
INSERT INTO public.django_admin_log (id, action_time, object_id, object_repr, action_flag, change_message, content_type_id, user_id) VALUES (12, '2023-05-20 04:22:20.344127+07', '9314', 'Mua 1 tặng 1 khi mua tại quầy Highland | Highland', 2, '[{"changed": {"fields": ["Author"]}}]', 6, 1);
INSERT INTO public.django_admin_log (id, action_time, object_id, object_repr, action_flag, change_message, content_type_id, user_id) VALUES (13, '2023-05-20 04:23:50.735404+07', '7484', 'Tặng 10% khi mua điện thoại tại các chi nhánh SamSung | Samsung', 1, '[{"added": {}}]', 6, 1);
INSERT INTO public.django_admin_log (id, action_time, object_id, object_repr, action_flag, change_message, content_type_id, user_id) VALUES (14, '2023-05-21 17:24:05.782611+07', '2148', 'Biển cả Việt Nam ô nhiễm do rác thải nhựa', 1, '[{"added": {}}]', 2, 1);
INSERT INTO public.django_admin_log (id, action_time, object_id, object_repr, action_flag, change_message, content_type_id, user_id) VALUES (15, '2023-05-21 17:24:18.932628+07', '8471', 'Tình trạng rác thải điều tiết ảnh hưởng đến hệ thống thoát nước ở TP.HCM', 1, '[{"added": {}}]', 2, 1);
INSERT INTO public.django_admin_log (id, action_time, object_id, object_repr, action_flag, change_message, content_type_id, user_id) VALUES (16, '2023-05-21 17:24:37.035915+07', '2356', 'Nguy cơ rác thải điện tử đối với môi trường và sức khỏe ở Việt Nam', 1, '[{"added": {}}]', 2, 1);
INSERT INTO public.django_admin_log (id, action_time, object_id, object_repr, action_flag, change_message, content_type_id, user_id) VALUES (17, '2023-05-21 17:24:50.776958+07', '4023', 'Vấn nạn rác thải nhựa trên các con sông ở Việt Nam', 1, '[{"added": {}}]', 2, 1);
INSERT INTO public.django_admin_log (id, action_time, object_id, object_repr, action_flag, change_message, content_type_id, user_id) VALUES (18, '2023-05-25 18:07:03.314307+07', '3779', 'Nhat Tien', 2, '[{"changed": {"fields": ["Is email verified", "Twitter", "Instagram", "Facebook", "Address"]}}]', 1, 1);
INSERT INTO public.django_admin_log (id, action_time, object_id, object_repr, action_flag, change_message, content_type_id, user_id) VALUES (19, '2023-05-25 18:07:11.402664+07', '3779', 'Nhat Tien', 2, '[{"changed": {"fields": ["Image"]}}]', 1, 1);
INSERT INTO public.django_admin_log (id, action_time, object_id, object_repr, action_flag, change_message, content_type_id, user_id) VALUES (20, '2023-05-25 18:59:28.566294+07', '3779', 'Nhat Tien', 2, '[{"changed": {"fields": ["Image"]}}]', 1, 1);
INSERT INTO public.django_admin_log (id, action_time, object_id, object_repr, action_flag, change_message, content_type_id, user_id) VALUES (21, '2023-05-26 02:16:05.332291+07', '2', 'vitrannhat1', 2, '[{"changed": {"fields": ["password"]}}]', 13, 1);


--
-- TOC entry 3501 (class 0 OID 116579)
-- Dependencies: 217
-- Data for Name: django_content_type; Type: TABLE DATA; Schema: public; Owner: postgres
--

INSERT INTO public.django_content_type (id, app_label, model) VALUES (1, 'website', 'customer');
INSERT INTO public.django_content_type (id, app_label, model) VALUES (2, 'website', 'news');
INSERT INTO public.django_content_type (id, app_label, model) VALUES (3, 'website', 'partner');
INSERT INTO public.django_content_type (id, app_label, model) VALUES (4, 'website', 'trashdetail');
INSERT INTO public.django_content_type (id, app_label, model) VALUES (5, 'website', 'trashtype');
INSERT INTO public.django_content_type (id, app_label, model) VALUES (6, 'website', 'voucher');
INSERT INTO public.django_content_type (id, app_label, model) VALUES (7, 'website', 'trashlist');
INSERT INTO public.django_content_type (id, app_label, model) VALUES (8, 'website', 'customervouchers');
INSERT INTO public.django_content_type (id, app_label, model) VALUES (9, 'website', 'comment');
INSERT INTO public.django_content_type (id, app_label, model) VALUES (10, 'admin', 'logentry');
INSERT INTO public.django_content_type (id, app_label, model) VALUES (11, 'auth', 'permission');
INSERT INTO public.django_content_type (id, app_label, model) VALUES (12, 'auth', 'group');
INSERT INTO public.django_content_type (id, app_label, model) VALUES (13, 'auth', 'user');
INSERT INTO public.django_content_type (id, app_label, model) VALUES (14, 'contenttypes', 'contenttype');
INSERT INTO public.django_content_type (id, app_label, model) VALUES (15, 'sessions', 'session');


--
-- TOC entry 3499 (class 0 OID 116571)
-- Dependencies: 215
-- Data for Name: django_migrations; Type: TABLE DATA; Schema: public; Owner: postgres
--

INSERT INTO public.django_migrations (id, app, name, applied) VALUES (1, 'contenttypes', '0001_initial', '2023-05-08 16:04:51.545377+07');
INSERT INTO public.django_migrations (id, app, name, applied) VALUES (2, 'auth', '0001_initial', '2023-05-08 16:04:51.665377+07');
INSERT INTO public.django_migrations (id, app, name, applied) VALUES (3, 'admin', '0001_initial', '2023-05-08 16:04:51.704379+07');
INSERT INTO public.django_migrations (id, app, name, applied) VALUES (4, 'admin', '0002_logentry_remove_auto_add', '2023-05-08 16:04:51.713376+07');
INSERT INTO public.django_migrations (id, app, name, applied) VALUES (5, 'admin', '0003_logentry_add_action_flag_choices', '2023-05-08 16:04:51.725379+07');
INSERT INTO public.django_migrations (id, app, name, applied) VALUES (6, 'contenttypes', '0002_remove_content_type_name', '2023-05-08 16:04:51.747377+07');
INSERT INTO public.django_migrations (id, app, name, applied) VALUES (7, 'auth', '0002_alter_permission_name_max_length', '2023-05-08 16:04:51.763376+07');
INSERT INTO public.django_migrations (id, app, name, applied) VALUES (8, 'auth', '0003_alter_user_email_max_length', '2023-05-08 16:04:51.774381+07');
INSERT INTO public.django_migrations (id, app, name, applied) VALUES (9, 'auth', '0004_alter_user_username_opts', '2023-05-08 16:04:51.783377+07');
INSERT INTO public.django_migrations (id, app, name, applied) VALUES (10, 'auth', '0005_alter_user_last_login_null', '2023-05-08 16:04:51.796378+07');
INSERT INTO public.django_migrations (id, app, name, applied) VALUES (11, 'auth', '0006_require_contenttypes_0002', '2023-05-08 16:04:51.799379+07');
INSERT INTO public.django_migrations (id, app, name, applied) VALUES (12, 'auth', '0007_alter_validators_add_error_messages', '2023-05-08 16:04:51.809374+07');
INSERT INTO public.django_migrations (id, app, name, applied) VALUES (13, 'auth', '0008_alter_user_username_max_length', '2023-05-08 16:04:51.826377+07');
INSERT INTO public.django_migrations (id, app, name, applied) VALUES (14, 'auth', '0009_alter_user_last_name_max_length', '2023-05-08 16:04:51.836376+07');
INSERT INTO public.django_migrations (id, app, name, applied) VALUES (15, 'auth', '0010_alter_group_name_max_length', '2023-05-08 16:04:51.84838+07');
INSERT INTO public.django_migrations (id, app, name, applied) VALUES (16, 'auth', '0011_update_proxy_permissions', '2023-05-08 16:04:51.860376+07');
INSERT INTO public.django_migrations (id, app, name, applied) VALUES (17, 'auth', '0012_alter_user_first_name_max_length', '2023-05-08 16:04:51.871389+07');
INSERT INTO public.django_migrations (id, app, name, applied) VALUES (18, 'sessions', '0001_initial', '2023-05-08 16:04:51.889379+07');
INSERT INTO public.django_migrations (id, app, name, applied) VALUES (19, 'website', '0001_initial', '2023-05-08 16:04:52.067376+07');
INSERT INTO public.django_migrations (id, app, name, applied) VALUES (20, 'website', '0002_alter_comment_name', '2023-05-21 15:58:31.351533+07');


--
-- TOC entry 3516 (class 0 OID 116707)
-- Dependencies: 232
-- Data for Name: django_session; Type: TABLE DATA; Schema: public; Owner: postgres
--

INSERT INTO public.django_session (session_key, session_data, expire_date) VALUES ('whe77c4et4wxrohgvcqb0hhk66umt0qx', '.eJxVjMsOwiAQRf-FtSEw5TF16d5vIMAMUjU0Ke3K-O_apAvd3nPOfYkQt7WGrfMSJhJnAeL0u6WYH9x2QPfYbrPMc1uXKcldkQft8joTPy-H-3dQY6_f2hDAAMoZxQZGX5Qy4E22yESMZXAOPWlnNBa0zM569ElpIOXGnJHF-wOtezbK:1q2Xso:dSRKG9o5sI2Tr47W1BVC1f7xAkOTAPWyC56H4oyNor8', '2023-06-09 20:53:30.79412+07');
INSERT INTO public.django_session (session_key, session_data, expire_date) VALUES ('epnawxftxcboer43159n83hryse3pxeg', '.eJxVjDsOwjAQBe_iGln-4Q8lfc5g7dobHEC2FCcV4u5gKQXodW9G82IR9q3EvdMal8wuTLHT74eQHlQHyHeot8ZTq9u6IB8KP2jnU8v0vB7uX6BALyOrBTiyjqRF4eQssg-YgACtRUMBZw_eK_GdAacJfEIrtQkCfDgrYO8P5_83xg:1pyWcY:ifyClcTYenZtKByqi7L_T2yO1zyhzOPkl_NPNhSO_aQ', '2023-05-29 18:44:06.224362+07');
INSERT INTO public.django_session (session_key, session_data, expire_date) VALUES ('defepvbh7nei5prbyh29qi3ln7w9c1io', '.eJxVjDsOwjAQBe_iGln-4Q8lfc5g7dobHEC2FCcV4u5gKQXodW9G82IR9q3EvdMal8wuTLHT74eQHlQHyHeot8ZTq9u6IB8KP2jnU8v0vB7uX6BALyOrBTiyjqRF4eQssg-YgACtRUMBZw_eK_GdAacJfEIrtQkCfDgrYO8P5_83xg:1pyWf9:EL0LUMqz1j_B_yFhexM22fRwBDes7hX-XzVd0QYIejU', '2023-05-29 18:46:47.670598+07');
INSERT INTO public.django_session (session_key, session_data, expire_date) VALUES ('udu8m0aupx2dsem7pbf2doegusw2e8tj', '.eJxVjDsOwjAQBe_iGlkL_m0o6TlDtN61cQDZUpxUiLtDpBTQvpl5LzXSupRx7WkeJ1Fn5dThd4vEj1Q3IHeqt6a51WWeot4UvdOur03S87K7fweFevnWIAaJDaNB6yMIJXAhOPCC6G2SAMd4QptdsGEAY33OwhAxD2wwR1TvD9CeN40:1q29d3:2OH3UJ_9RbfChqjYcdSbxNggMBl1Nb4gnXLtrR_1ojA', '2023-06-08 18:59:37.914337+07');
INSERT INTO public.django_session (session_key, session_data, expire_date) VALUES ('3401l3ixpekmxz0djst1pjw9oimr2fjc', '.eJxVjMsOgjAUBf-la9OU0t6CS_d-Q3NfFdRAQmFl_HclYaHbMzPnZTJu65C3qksexZyNN6ffjZAfOu1A7jjdZsvztC4j2V2xB632Oos-L4f7dzBgHb41M0kHnEJSia0H9UpYQvLgIJBEaVsFAoyOC_kSE_vQsziVvsPYNOb9AQViOJA:1q0eSO:OrqvVH8B99-J1XhgGPCqaBpZvY5EMeMcAn62kc1DkxI', '2023-06-04 15:30:24.149983+07');
INSERT INTO public.django_session (session_key, session_data, expire_date) VALUES ('fgfde0usyv9ys0s1whqdsplxmdpx6wzv', '.eJxVjMsOgjAUBf-la9OU0t6CS_d-Q3NfFdRAQmFl_HclYaHbMzPnZTJu65C3qksexZyNN6ffjZAfOu1A7jjdZsvztC4j2V2xB632Oos-L4f7dzBgHb41M0kHnEJSia0H9UpYQvLgIJBEaVsFAoyOC_kSE_vQsziVvsPYNOb9AQViOJA:1q0gW5:BRU14-R432x7bFE68AfWLYm9j9ZGZuP4hCC2aKnSYGo', '2023-06-04 17:42:21.339436+07');
INSERT INTO public.django_session (session_key, session_data, expire_date) VALUES ('l8b4fmn0c39menwy132x11ku5vs1a5ml', '.eJxVjMsOgjAUBf-la9OU0t6CS_d-Q3NfFdRAQmFl_HclYaHbMzPnZTJu65C3qksexZyNN6ffjZAfOu1A7jjdZsvztC4j2V2xB632Oos-L4f7dzBgHb41M0kHnEJSia0H9UpYQvLgIJBEaVsFAoyOC_kSE_vQsziVvsPYNOb9AQViOJA:1q0gvS:SMLKfDo2AWvdiB-optbEwNupAV_Eo-K9sFcA67jJDkI', '2023-06-04 18:08:34.986805+07');
INSERT INTO public.django_session (session_key, session_data, expire_date) VALUES ('56zbmv0dukh7g78ls1q0bqje9vmczxd8', '.eJxVjMEOwiAQRP-FsyFA2S549O43EBZWqRpISnsy_rtt0oPeJvPezFuEuC4lrJ3nMGVxFkacfjuK6cl1B_kR673J1OoyTyR3RR60y2vL_Loc7t9Bib1s66hHQ1p5RZyt2yLfBu0gkwGFlpQynglRA1FCN2QaAZ1HcIDAyVrx-QLOYDcT:1q2IVg:apSa6Whl4jpz3cqD4t7wReDKUodO440TEOdmriYSdGY', '2023-06-09 04:28:36.828147+07');
INSERT INTO public.django_session (session_key, session_data, expire_date) VALUES ('xpjufzwla40l7xlco5gpbyvaitk7wzo5', '.eJxVjMEOwiAQRP-FsyFA2S549O43EBZWqRpISnsy_rtt0oPeJvPezFuEuC4lrJ3nMGVxFkacfjuK6cl1B_kR673J1OoyTyR3RR60y2vL_Loc7t9Bib1s66hHQ1p5RZyt2yLfBu0gkwGFlpQynglRA1FCN2QaAZ1HcIDAyVrx-QLOYDcT:1q2IW2:HcVcLkwt4ggGLhQKGzD4Y9z4iMo8s_bf2MAvYmmsFOE', '2023-06-09 04:28:58.201323+07');
INSERT INTO public.django_session (session_key, session_data, expire_date) VALUES ('tbqirewrwziwlzn05x4qtx15om7s8ffn', '.eJxVjMEOwiAQRP-FsyFA2S549O43EBZWqRpISnsy_rtt0oPeJvPezFuEuC4lrJ3nMGVxFkacfjuK6cl1B_kR673J1OoyTyR3RR60y2vL_Loc7t9Bib1s66hHQ1p5RZyt2yLfBu0gkwGFlpQynglRA1FCN2QaAZ1HcIDAyVrx-QLOYDcT:1q2IdP:SpJp3pF87GF0ayotkUmFCuRjIrogwg1f3i1q4aIj-nw', '2023-06-09 04:36:35.694546+07');
INSERT INTO public.django_session (session_key, session_data, expire_date) VALUES ('gxkl6ax1rcik83n8dj06cu4nzot4hakg', '.eJxVjMEOwiAQRP-FsyFA2S549O43EBZWqRpISnsy_rtt0oPeJvPezFuEuC4lrJ3nMGVxFkacfjuK6cl1B_kR673J1OoyTyR3RR60y2vL_Loc7t9Bib1s66hHQ1p5RZyt2yLfBu0gkwGFlpQynglRA1FCN2QaAZ1HcIDAyVrx-QLOYDcT:1q2VFj:zUzUm57xklppSnaGq4_Zh5AoL8mfPJXf9cwcLzPgcpA', '2023-06-09 18:04:59.019235+07');
INSERT INTO public.django_session (session_key, session_data, expire_date) VALUES ('chyyplfd9bgpmtx5ckipa2k0kw81ci0e', '.eJxVjEEOwiAQRe_C2pAOLTB16d4zkIEZpGpoUtqV8e7apAvd_vfef6lA21rC1mQJE6uzMur0u0VKD6k74DvV26zTXNdlinpX9EGbvs4sz8vh_h0UauVboxkGIz4a67vOIzvy4EaJjnhEmyF6wwIIqRcEytAbBGaX0KaYsrB6fwDIDjgL:1q2GPH:ZZtNZNyCAZ8aDhNTX2_QSOLQxzPGyRBNT-4gDhTq_b0', '2023-06-09 02:13:51.514381+07');
INSERT INTO public.django_session (session_key, session_data, expire_date) VALUES ('5qj7fil9m2ac7ol5ipoxro14minj1n1y', '.eJxVjMsOgjAUBf-la9OU0t6CS_d-Q3NfFdRAQmFl_HclYaHbMzPnZTJu65C3qksexZyNN6ffjZAfOu1A7jjdZsvztC4j2V2xB632Oos-L4f7dzBgHb41M0kHnEJSia0H9UpYQvLgIJBEaVsFAoyOC_kSE_vQsziVvsPYNOb9AQViOJA:1q1w2T:9r2N11mKTfGzGgUgDhGCl7WaBguK1olJhlQu0tLZkVQ', '2023-06-08 04:28:57.054532+07');


--
-- TOC entry 3525 (class 0 OID 116772)
-- Dependencies: 241
-- Data for Name: website_comment; Type: TABLE DATA; Schema: public; Owner: postgres
--

INSERT INTO public.website_comment (id, name_id, body, data_added, post_id) VALUES (2707, NULL, 'Ngon', '2023-05-21 16:03:12.377611+07', 9314);
INSERT INTO public.website_comment (id, name_id, body, data_added, post_id) VALUES (5329, NULL, 'gsfdhdj', '2023-05-21 18:10:46.152674+07', 9314);
INSERT INTO public.website_comment (id, name_id, body, data_added, post_id) VALUES (7174, NULL, 'gsagksag', '2023-05-23 18:27:55.613323+07', 9314);


--
-- TOC entry 3517 (class 0 OID 116716)
-- Dependencies: 233
-- Data for Name: website_customer; Type: TABLE DATA; Schema: public; Owner: postgres
--

INSERT INTO public.website_customer (id, "Image", "Name", "Phone", "Email", is_email_verified, "Twitter", "Instagram", "Facebook", point, "Address", "DataCreated", "User_id", auth_token) VALUES ('3779', 'profile_pics/reason_ovibkkx.jpg', 'Nhat Tien', '0919562182', 'tientrannhat11@gmail.com', false, 'https://www.facebook.com/vixsuntran', 'https://www.facebook.com/vixsuntran', 'https://www.facebook.com/vixsuntran', 0, 'Goline', '2023-05-25 17:38:00.585654+07', 5, 549731);
INSERT INTO public.website_customer (id, "Image", "Name", "Phone", "Email", is_email_verified, "Twitter", "Instagram", "Facebook", point, "Address", "DataCreated", "User_id", auth_token) VALUES ('3908', 'default.jpg', 'trannhatvi1', NULL, 'trannhatvi1@dtu.edu.vn', false, NULL, NULL, NULL, 0, NULL, '2023-05-26 03:55:22.549244+07', 7, NULL);
INSERT INTO public.website_customer (id, "Image", "Name", "Phone", "Email", is_email_verified, "Twitter", "Instagram", "Facebook", point, "Address", "DataCreated", "User_id", auth_token) VALUES ('MA7159', 'default.jpg', 'maixuandong1', NULL, 'mxd30012001@gmail.com', true, NULL, NULL, NULL, 0, NULL, '2023-05-25 01:32:43.326203+07', 3, 729012);
INSERT INTO public.website_customer (id, "Image", "Name", "Phone", "Email", is_email_verified, "Twitter", "Instagram", "Facebook", point, "Address", "DataCreated", "User_id", auth_token) VALUES ('7187', 'default.jpg', 'Vi Nhat', '0919562182', 'vitrannhat@gmail.com', false, NULL, NULL, NULL, 0, NULL, '2023-05-25 01:52:54.365448+07', 4, NULL);
INSERT INTO public.website_customer (id, "Image", "Name", "Phone", "Email", is_email_verified, "Twitter", "Instagram", "Facebook", point, "Address", "DataCreated", "User_id", auth_token) VALUES ('3209', 'avatars/0020308_ness-stem-glass-h24cm-set-of-4-clear_870.jpg', 'vitrannhat8', '7654367890', 'vitrannhat8@gmail.com', true, NULL, NULL, NULL, 0, 'iuytrertyuioo', '2023-05-25 23:27:26.235011+07', 6, 844034);
INSERT INTO public.website_customer (id, "Image", "Name", "Phone", "Email", is_email_verified, "Twitter", "Instagram", "Facebook", point, "Address", "DataCreated", "User_id", auth_token) VALUES ('2977', 'avatars/profile_AEdO7Un.jpg', 'Tran Nhat Vi', '0919562182', 'vitrannhat1@gmail.com', true, 'https://www.facebook.com/vixsuntran', 'https://www.facebook.com/vixsuntran', 'https://www.facebook.com/vixsuntran', 68760, 'Goline global', '2023-05-08 16:07:43.326409+07', 2, 770525);


--
-- TOC entry 3524 (class 0 OID 116765)
-- Dependencies: 240
-- Data for Name: website_customervouchers; Type: TABLE DATA; Schema: public; Owner: postgres
--

INSERT INTO public.website_customervouchers (id, "Buy_time", "GenerateCode", "Customer_id_id", "Voucher_id_id") VALUES (6747, '2023-05-08 16:19:47.666771+07', 'SA5394097', '2977', 9314);
INSERT INTO public.website_customervouchers (id, "Buy_time", "GenerateCode", "Customer_id_id", "Voucher_id_id") VALUES (4143, '2023-05-10 22:54:14.125429+07', 'SA4873292', '2977', 7318);
INSERT INTO public.website_customervouchers (id, "Buy_time", "GenerateCode", "Customer_id_id", "Voucher_id_id") VALUES (3131, '2023-05-11 17:14:06.416657+07', 'SA7619955', '2977', 7318);
INSERT INTO public.website_customervouchers (id, "Buy_time", "GenerateCode", "Customer_id_id", "Voucher_id_id") VALUES (7780, '2023-05-15 18:45:02.016047+07', 'SA9979434', '2977', 9314);
INSERT INTO public.website_customervouchers (id, "Buy_time", "GenerateCode", "Customer_id_id", "Voucher_id_id") VALUES (8463, '2023-05-20 04:36:55.80704+07', 'HI7502479', '2977', 9314);
INSERT INTO public.website_customervouchers (id, "Buy_time", "GenerateCode", "Customer_id_id", "Voucher_id_id") VALUES (3120, '2023-05-21 15:34:48.554972+07', 'HI3036841', '2977', 9314);
INSERT INTO public.website_customervouchers (id, "Buy_time", "GenerateCode", "Customer_id_id", "Voucher_id_id") VALUES (1502, '2023-05-21 15:35:12.711677+07', 'HI5638779', '2977', 9314);
INSERT INTO public.website_customervouchers (id, "Buy_time", "GenerateCode", "Customer_id_id", "Voucher_id_id") VALUES (1678, '2023-05-21 15:39:16.383455+07', 'HI1028181', '2977', 9314);
INSERT INTO public.website_customervouchers (id, "Buy_time", "GenerateCode", "Customer_id_id", "Voucher_id_id") VALUES (8830, '2023-05-21 18:10:33.038868+07', 'HI8843154', '2977', 9314);
INSERT INTO public.website_customervouchers (id, "Buy_time", "GenerateCode", "Customer_id_id", "Voucher_id_id") VALUES (9540, '2023-05-23 18:27:38.827543+07', 'HI4583939', '2977', 9314);
INSERT INTO public.website_customervouchers (id, "Buy_time", "GenerateCode", "Customer_id_id", "Voucher_id_id") VALUES (66, '2023-05-25 01:29:37.436443+07', 'HI7730803', '2977', 9314);
INSERT INTO public.website_customervouchers (id, "Buy_time", "GenerateCode", "Customer_id_id", "Voucher_id_id") VALUES (3185, '2023-05-25 23:46:10.044454+07', 'HI9333121', '2977', 9314);


--
-- TOC entry 3518 (class 0 OID 116725)
-- Dependencies: 234
-- Data for Name: website_news; Type: TABLE DATA; Schema: public; Owner: postgres
--

INSERT INTO public.website_news (id, title, "Create", body) VALUES (2148, 'Biển cả Việt Nam ô nhiễm do rác thải nhựa', '2023-05-21 17:24:05.780608+07', 'Một nghiên cứu mới đây cho thấy rằng biển cả Việt Nam đang đối mặt với tình trạng ô nhiễm nghiêm trọng do rác thải nhựa. Sự gia tăng về sử dụng nhựa một lần và thiếu hệ thống quản lý rác thải hiệu quả đã dẫn đến việc lượng rác thải nhựa được đổ xuống biển tăng lên đáng kể. Tình trạng này gây hậu quả nghiêm trọng đối với môi trường biển, ảnh hưởng đến sinh vật biển và cả chuỗi thực phẩm');
INSERT INTO public.website_news (id, title, "Create", body) VALUES (8471, 'Tình trạng rác thải điều tiết ảnh hưởng đến hệ thống thoát nước ở TP.HCM', '2023-05-21 17:24:18.932628+07', 'Sự gia tăng về lượng rác thải và việc xả thải không đúng quy trình đã gây ra tình trạng tắc nghẽn và ô nhiễm trong hệ thống thoát nước của TP.HCM. Rác thải được vứt vào các kênh thoát nước và cống đường đã làm tắc nghẽn dòng chảy của nước, gây ngập lụt và gây ô nhiễm nước sạch. Vấn đề này đòi hỏi sự tăng cường công tác quản lý rác thải và giáo dục cộng đồng về việc xử lý rác thải một cách bền vững.');
INSERT INTO public.website_news (id, title, "Create", body) VALUES (2356, 'Nguy cơ rác thải điện tử đối với môi trường và sức khỏe ở Việt Nam', '2023-05-21 17:24:37.034915+07', 'Việt Nam đang đối mặt với một vấn đề ngày càng lớn về rác thải điện tử, gồm các thiết bị như điện thoại di động, máy tính và các thiết bị điện tử khác. Rác thải điện tử chứa các chất độc hại như thủy ngân, chì, amiang và các kim loại nặng khác, gây ảnh hưởng đến môi trường và sức khỏe con người. Việc quản lý và xử lý rác thải điện tử đúng cách là một thách thức đối với chính phủ và các tổ chức tại Việt Nam.');
INSERT INTO public.website_news (id, title, "Create", body) VALUES (4023, 'Vấn nạn rác thải nhựa trên các con sông ở Việt Nam', '2023-05-21 17:24:50.775944+07', 'Rác thải nhựa trên các con sông ở Việt Nam đã trở thành một vấn nạn đáng lo ngại. Việc vứt rác thải nhựa không đúng quy trình và thiếu hệ thống thu gom và xử lý rác thải đã dẫn đến tình trạng ô nhiễm môi trường nghiêm trọng. Rác thải nhựa không chỉ làm ảnh hưởng đến cảnh quan mà còn gây hại cho đời sống sinh vật trong các hệ sinh thái nước ngọt và biển.');


--
-- TOC entry 3519 (class 0 OID 116732)
-- Dependencies: 235
-- Data for Name: website_partner; Type: TABLE DATA; Schema: public; Owner: postgres
--

INSERT INTO public.website_partner (id, "Image", "CreateAt", "Name", "Phone", "Email") VALUES (4248, 'voucher_pics/lg-highland2_E6aYx6M.jpg', '2023-05-20 04:20:54.840637+07', 'Highland', '123456', 'highland@outlook.com');
INSERT INTO public.website_partner (id, "Image", "CreateAt", "Name", "Phone", "Email") VALUES (8231, 'voucher_pics/vendor-5_rEGGPfI.jpg', '2023-05-08 16:06:34.286555+07', 'Sample', '426356789', 'sample@outlook.com');
INSERT INTO public.website_partner (id, "Image", "CreateAt", "Name", "Phone", "Email") VALUES (9102, 'voucher_pics/vendor-3_HRG7VnR.jpg', '2023-05-08 16:06:13.107528+07', 'Samsung', '0919562182', 'samsung@outlook.com');


--
-- TOC entry 3520 (class 0 OID 116739)
-- Dependencies: 236
-- Data for Name: website_trashdetail; Type: TABLE DATA; Schema: public; Owner: postgres
--

INSERT INTO public.website_trashdetail (id, recycle, dangerous, othergarbage, description, iduser_id) VALUES (5570, 1, 0, 0, 'None', '2977');
INSERT INTO public.website_trashdetail (id, recycle, dangerous, othergarbage, description, iduser_id) VALUES (1791, 1, 3, 0, 'None', '2977');
INSERT INTO public.website_trashdetail (id, recycle, dangerous, othergarbage, description, iduser_id) VALUES (8672, 0, 1, 0, 'None', '2977');
INSERT INTO public.website_trashdetail (id, recycle, dangerous, othergarbage, description, iduser_id) VALUES (5192, 0, 0, 0, 'None', '2977');
INSERT INTO public.website_trashdetail (id, recycle, dangerous, othergarbage, description, iduser_id) VALUES (1900, 0, 7, 0, 'None', '2977');
INSERT INTO public.website_trashdetail (id, recycle, dangerous, othergarbage, description, iduser_id) VALUES (8521, 0, 0, 0, 'None', '2977');
INSERT INTO public.website_trashdetail (id, recycle, dangerous, othergarbage, description, iduser_id) VALUES (4924, 0, 0, 0, 'None', '2977');
INSERT INTO public.website_trashdetail (id, recycle, dangerous, othergarbage, description, iduser_id) VALUES (2064, 0, 0, 0, 'None', '2977');
INSERT INTO public.website_trashdetail (id, recycle, dangerous, othergarbage, description, iduser_id) VALUES (7984, 0, 0, 0, 'None', '2977');
INSERT INTO public.website_trashdetail (id, recycle, dangerous, othergarbage, description, iduser_id) VALUES (2971, 0, 0, 0, 'None', '2977');
INSERT INTO public.website_trashdetail (id, recycle, dangerous, othergarbage, description, iduser_id) VALUES (1919, 0, 0, 0, 'None', '2977');
INSERT INTO public.website_trashdetail (id, recycle, dangerous, othergarbage, description, iduser_id) VALUES (2463, 0, 0, 0, 'None', '2977');
INSERT INTO public.website_trashdetail (id, recycle, dangerous, othergarbage, description, iduser_id) VALUES (9154, 12, 2, 3, 'None', '2977');
INSERT INTO public.website_trashdetail (id, recycle, dangerous, othergarbage, description, iduser_id) VALUES (6158, 7, 8, 9, 'None', '2977');
INSERT INTO public.website_trashdetail (id, recycle, dangerous, othergarbage, description, iduser_id) VALUES (7664, 7, 8, 9, 'None', '2977');
INSERT INTO public.website_trashdetail (id, recycle, dangerous, othergarbage, description, iduser_id) VALUES (740, 7, 8, 9, 'None', '2977');
INSERT INTO public.website_trashdetail (id, recycle, dangerous, othergarbage, description, iduser_id) VALUES (5812, 7, 8, 9, 'None', '2977');
INSERT INTO public.website_trashdetail (id, recycle, dangerous, othergarbage, description, iduser_id) VALUES (6945, 7, 8, 9, 'None', '2977');
INSERT INTO public.website_trashdetail (id, recycle, dangerous, othergarbage, description, iduser_id) VALUES (5542, 7, 8, 9, 'None', '2977');
INSERT INTO public.website_trashdetail (id, recycle, dangerous, othergarbage, description, iduser_id) VALUES (3105, 16, 17, 18, 'None', '2977');
INSERT INTO public.website_trashdetail (id, recycle, dangerous, othergarbage, description, iduser_id) VALUES (9669, 1, 2, 3, 'None', '2977');
INSERT INTO public.website_trashdetail (id, recycle, dangerous, othergarbage, description, iduser_id) VALUES (6642, 16, 17, 18, 'None', '2977');
INSERT INTO public.website_trashdetail (id, recycle, dangerous, othergarbage, description, iduser_id) VALUES (6529, 3, 4, 5, 'None', '2977');
INSERT INTO public.website_trashdetail (id, recycle, dangerous, othergarbage, description, iduser_id) VALUES (8055, 7, 8, 9, 'None', '2977');
INSERT INTO public.website_trashdetail (id, recycle, dangerous, othergarbage, description, iduser_id) VALUES (1532, 6, 7, 8, 'None', '2977');
INSERT INTO public.website_trashdetail (id, recycle, dangerous, othergarbage, description, iduser_id) VALUES (3000, 6, 7, 8, 'None', '2977');
INSERT INTO public.website_trashdetail (id, recycle, dangerous, othergarbage, description, iduser_id) VALUES (848, 5, 6, 7, 'None', '2977');
INSERT INTO public.website_trashdetail (id, recycle, dangerous, othergarbage, description, iduser_id) VALUES (8375, 2, 3, 4, 'None', '2977');
INSERT INTO public.website_trashdetail (id, recycle, dangerous, othergarbage, description, iduser_id) VALUES (1868, 4, 5, 6, 'None', '2977');
INSERT INTO public.website_trashdetail (id, recycle, dangerous, othergarbage, description, iduser_id) VALUES (9913, 3, 4, 5, 'None', '2977');
INSERT INTO public.website_trashdetail (id, recycle, dangerous, othergarbage, description, iduser_id) VALUES (3262, 2, 3, 4, 'None', '2977');
INSERT INTO public.website_trashdetail (id, recycle, dangerous, othergarbage, description, iduser_id) VALUES (8979, 3, 4, 5, 'None', '2977');
INSERT INTO public.website_trashdetail (id, recycle, dangerous, othergarbage, description, iduser_id) VALUES (2633, 4, 5, 6, 'None', '2977');
INSERT INTO public.website_trashdetail (id, recycle, dangerous, othergarbage, description, iduser_id) VALUES (1836, 2, 3, 4, 'None', '2977');
INSERT INTO public.website_trashdetail (id, recycle, dangerous, othergarbage, description, iduser_id) VALUES (6112, 3, 4, 5, 'None', '2977');
INSERT INTO public.website_trashdetail (id, recycle, dangerous, othergarbage, description, iduser_id) VALUES (2627, 16, 17, 18, 'None', '2977');
INSERT INTO public.website_trashdetail (id, recycle, dangerous, othergarbage, description, iduser_id) VALUES (2636, 5, 6, 7, 'None', '2977');
INSERT INTO public.website_trashdetail (id, recycle, dangerous, othergarbage, description, iduser_id) VALUES (4744, 5, 6, 7, 'None', '2977');
INSERT INTO public.website_trashdetail (id, recycle, dangerous, othergarbage, description, iduser_id) VALUES (8869, 2, 3, 4, 'None', '2977');
INSERT INTO public.website_trashdetail (id, recycle, dangerous, othergarbage, description, iduser_id) VALUES (4493, 2, 3, 4, 'None', '2977');
INSERT INTO public.website_trashdetail (id, recycle, dangerous, othergarbage, description, iduser_id) VALUES (6512, 4, 5, 6, 'None', '2977');
INSERT INTO public.website_trashdetail (id, recycle, dangerous, othergarbage, description, iduser_id) VALUES (5600, 3, 4, 5, 'None', '2977');
INSERT INTO public.website_trashdetail (id, recycle, dangerous, othergarbage, description, iduser_id) VALUES (7457, 4, 5, 6, 'None', '2977');
INSERT INTO public.website_trashdetail (id, recycle, dangerous, othergarbage, description, iduser_id) VALUES (1678, 4, 5, 6, 'None', '2977');
INSERT INTO public.website_trashdetail (id, recycle, dangerous, othergarbage, description, iduser_id) VALUES (4191, 4, 5, 6, 'None', '2977');
INSERT INTO public.website_trashdetail (id, recycle, dangerous, othergarbage, description, iduser_id) VALUES (7411, 3, 4, 5, 'None', '2977');
INSERT INTO public.website_trashdetail (id, recycle, dangerous, othergarbage, description, iduser_id) VALUES (6685, 3, 4, 5, 'None', '2977');
INSERT INTO public.website_trashdetail (id, recycle, dangerous, othergarbage, description, iduser_id) VALUES (1071, 3, 4, 5, 'None', '2977');
INSERT INTO public.website_trashdetail (id, recycle, dangerous, othergarbage, description, iduser_id) VALUES (4729, 5, 6, 7, 'None', '2977');
INSERT INTO public.website_trashdetail (id, recycle, dangerous, othergarbage, description, iduser_id) VALUES (6997, 5, 6, 7, 'None', '2977');
INSERT INTO public.website_trashdetail (id, recycle, dangerous, othergarbage, description, iduser_id) VALUES (136, 4, 5, 6, 'None', '2977');
INSERT INTO public.website_trashdetail (id, recycle, dangerous, othergarbage, description, iduser_id) VALUES (3928, 3, 4, 5, 'None', '2977');
INSERT INTO public.website_trashdetail (id, recycle, dangerous, othergarbage, description, iduser_id) VALUES (1774, 3, 4, 5, 'None', '2977');
INSERT INTO public.website_trashdetail (id, recycle, dangerous, othergarbage, description, iduser_id) VALUES (5683, 3, 4, 5, 'None', '2977');
INSERT INTO public.website_trashdetail (id, recycle, dangerous, othergarbage, description, iduser_id) VALUES (7761, 3, 4, 5, 'None', '2977');
INSERT INTO public.website_trashdetail (id, recycle, dangerous, othergarbage, description, iduser_id) VALUES (3975, 3, 4, 5, 'None', '2977');
INSERT INTO public.website_trashdetail (id, recycle, dangerous, othergarbage, description, iduser_id) VALUES (3243, 4, 5, 6, 'None', '2977');
INSERT INTO public.website_trashdetail (id, recycle, dangerous, othergarbage, description, iduser_id) VALUES (7058, 3, 4, 5, 'None', '2977');
INSERT INTO public.website_trashdetail (id, recycle, dangerous, othergarbage, description, iduser_id) VALUES (1940, 3, 4, 5, 'None', '2977');
INSERT INTO public.website_trashdetail (id, recycle, dangerous, othergarbage, description, iduser_id) VALUES (2857, 4, 5, 6, 'None', '2977');
INSERT INTO public.website_trashdetail (id, recycle, dangerous, othergarbage, description, iduser_id) VALUES (3660, 3, 4, 5, 'None', '2977');
INSERT INTO public.website_trashdetail (id, recycle, dangerous, othergarbage, description, iduser_id) VALUES (9833, 4, 5, 6, 'None', '2977');
INSERT INTO public.website_trashdetail (id, recycle, dangerous, othergarbage, description, iduser_id) VALUES (7102, 16, 17, 18, 'None', '2977');
INSERT INTO public.website_trashdetail (id, recycle, dangerous, othergarbage, description, iduser_id) VALUES (8265, 9, 10, 11, 'None', '2977');
INSERT INTO public.website_trashdetail (id, recycle, dangerous, othergarbage, description, iduser_id) VALUES (27, 7, 8, 9, 'None', '2977');
INSERT INTO public.website_trashdetail (id, recycle, dangerous, othergarbage, description, iduser_id) VALUES (8003, 8, 9, 10, 'None', '2977');
INSERT INTO public.website_trashdetail (id, recycle, dangerous, othergarbage, description, iduser_id) VALUES (1668, 2, 3, 4, 'None', '2977');
INSERT INTO public.website_trashdetail (id, recycle, dangerous, othergarbage, description, iduser_id) VALUES (8803, 2, 3, 4, 'None', '2977');
INSERT INTO public.website_trashdetail (id, recycle, dangerous, othergarbage, description, iduser_id) VALUES (9527, 2, 3, 4, 'None', '2977');
INSERT INTO public.website_trashdetail (id, recycle, dangerous, othergarbage, description, iduser_id) VALUES (3049, 4, 5, 6, 'None', '2977');
INSERT INTO public.website_trashdetail (id, recycle, dangerous, othergarbage, description, iduser_id) VALUES (2191, 4, 5, 6, 'None', '2977');
INSERT INTO public.website_trashdetail (id, recycle, dangerous, othergarbage, description, iduser_id) VALUES (4935, 6, 7, 8, 'None', '2977');
INSERT INTO public.website_trashdetail (id, recycle, dangerous, othergarbage, description, iduser_id) VALUES (5286, 4, 5, 6, 'None', '2977');
INSERT INTO public.website_trashdetail (id, recycle, dangerous, othergarbage, description, iduser_id) VALUES (4639, 6, 7, 8, 'None', '2977');
INSERT INTO public.website_trashdetail (id, recycle, dangerous, othergarbage, description, iduser_id) VALUES (1352, 6, 7, 8, 'None', '2977');
INSERT INTO public.website_trashdetail (id, recycle, dangerous, othergarbage, description, iduser_id) VALUES (4950, 0, 0, 0, 'None', '2977');
INSERT INTO public.website_trashdetail (id, recycle, dangerous, othergarbage, description, iduser_id) VALUES (3285, 0, 0, 1, 'None', '2977');
INSERT INTO public.website_trashdetail (id, recycle, dangerous, othergarbage, description, iduser_id) VALUES (852, 0, 1, 0, 'None', '2977');
INSERT INTO public.website_trashdetail (id, recycle, dangerous, othergarbage, description, iduser_id) VALUES (6481, 0, 1, 0, 'None', '2977');
INSERT INTO public.website_trashdetail (id, recycle, dangerous, othergarbage, description, iduser_id) VALUES (2908, 0, 1, 0, 'None', '2977');
INSERT INTO public.website_trashdetail (id, recycle, dangerous, othergarbage, description, iduser_id) VALUES (5932, 0, 0, 0, 'None', '2977');
INSERT INTO public.website_trashdetail (id, recycle, dangerous, othergarbage, description, iduser_id) VALUES (446, 0, 1, 0, 'None', '2977');
INSERT INTO public.website_trashdetail (id, recycle, dangerous, othergarbage, description, iduser_id) VALUES (4273, 1, 0, 3, 'None', '2977');
INSERT INTO public.website_trashdetail (id, recycle, dangerous, othergarbage, description, iduser_id) VALUES (9929, 1, 1, 2, 'None', '2977');
INSERT INTO public.website_trashdetail (id, recycle, dangerous, othergarbage, description, iduser_id) VALUES (3185, 6, 7, 8, 'None', '2977');
INSERT INTO public.website_trashdetail (id, recycle, dangerous, othergarbage, description, iduser_id) VALUES (6819, 0, 0, 0, 'None', '2977');
INSERT INTO public.website_trashdetail (id, recycle, dangerous, othergarbage, description, iduser_id) VALUES (1098, 1, 0, 0, 'None', '2977');
INSERT INTO public.website_trashdetail (id, recycle, dangerous, othergarbage, description, iduser_id) VALUES (9692, 5, 2, 0, 'None', '2977');
INSERT INTO public.website_trashdetail (id, recycle, dangerous, othergarbage, description, iduser_id) VALUES (7934, 34, 0, 0, 'None', '2977');
INSERT INTO public.website_trashdetail (id, recycle, dangerous, othergarbage, description, iduser_id) VALUES (3828, 13, 0, 0, 'None', '2977');
INSERT INTO public.website_trashdetail (id, recycle, dangerous, othergarbage, description, iduser_id) VALUES (6892, 13, 14, 15, 'None', '2977');
INSERT INTO public.website_trashdetail (id, recycle, dangerous, othergarbage, description, iduser_id) VALUES (2500, 5, 6, 7, 'None', '2977');
INSERT INTO public.website_trashdetail (id, recycle, dangerous, othergarbage, description, iduser_id) VALUES (5592, 3, 0, 0, 'None', '2977');
INSERT INTO public.website_trashdetail (id, recycle, dangerous, othergarbage, description, iduser_id) VALUES (9757, 20, 21, 22, 'None', '2977');
INSERT INTO public.website_trashdetail (id, recycle, dangerous, othergarbage, description, iduser_id) VALUES (6392, 0, 0, 3, 'None', '2977');
INSERT INTO public.website_trashdetail (id, recycle, dangerous, othergarbage, description, iduser_id) VALUES (2669, 0, 1, 1, 'None', '2977');
INSERT INTO public.website_trashdetail (id, recycle, dangerous, othergarbage, description, iduser_id) VALUES (3411, 6, 2, 10, 'None', '2977');
INSERT INTO public.website_trashdetail (id, recycle, dangerous, othergarbage, description, iduser_id) VALUES (3593, 35, 41, 0, 'None', '2977');
INSERT INTO public.website_trashdetail (id, recycle, dangerous, othergarbage, description, iduser_id) VALUES (3583, 1, 1, 1, 'None', '2977');


--
-- TOC entry 3523 (class 0 OID 116756)
-- Dependencies: 239
-- Data for Name: website_trashlist; Type: TABLE DATA; Schema: public; Owner: postgres
--

INSERT INTO public.website_trashlist (id, createat, numoftrash, totalscore, description, iduser_id, trash_detail_id) VALUES (5570, '2023-05-08 16:17:55.744844+07', 1, 40, 'None', '2977', 5570);
INSERT INTO public.website_trashlist (id, createat, numoftrash, totalscore, description, iduser_id, trash_detail_id) VALUES (1791, '2023-05-08 16:19:05.393869+07', 2, 250, 'None', '2977', 1791);
INSERT INTO public.website_trashlist (id, createat, numoftrash, totalscore, description, iduser_id, trash_detail_id) VALUES (8672, '2023-05-08 16:19:11.884515+07', 2, 270, 'None', '2977', 8672);
INSERT INTO public.website_trashlist (id, createat, numoftrash, totalscore, description, iduser_id, trash_detail_id) VALUES (5192, '2023-05-08 17:06:46.451629+07', 1, 50, 'None', '2977', 5192);
INSERT INTO public.website_trashlist (id, createat, numoftrash, totalscore, description, iduser_id, trash_detail_id) VALUES (1900, '2023-05-09 14:45:22.939782+07', 4, 1700, 'None', '2977', 1900);
INSERT INTO public.website_trashlist (id, createat, numoftrash, totalscore, description, iduser_id, trash_detail_id) VALUES (8521, '2023-05-09 14:50:01.081787+07', 1, 500, 'None', '2977', 8521);
INSERT INTO public.website_trashlist (id, createat, numoftrash, totalscore, description, iduser_id, trash_detail_id) VALUES (4924, '2023-05-09 14:53:10.276652+07', 1, 200, 'None', '2977', 4924);
INSERT INTO public.website_trashlist (id, createat, numoftrash, totalscore, description, iduser_id, trash_detail_id) VALUES (2064, '2023-05-09 14:57:42.582223+07', 1, 150, 'None', '2977', 2064);
INSERT INTO public.website_trashlist (id, createat, numoftrash, totalscore, description, iduser_id, trash_detail_id) VALUES (7984, '2023-05-09 14:57:54.638697+07', 1, 200, 'None', '2977', 7984);
INSERT INTO public.website_trashlist (id, createat, numoftrash, totalscore, description, iduser_id, trash_detail_id) VALUES (1919, '2023-05-11 15:31:51.221878+07', 0, 0, 'None', '2977', 1919);
INSERT INTO public.website_trashlist (id, createat, numoftrash, totalscore, description, iduser_id, trash_detail_id) VALUES (2463, '2023-05-14 00:33:47.190047+07', 0, 0, 'None', '2977', 2463);
INSERT INTO public.website_trashlist (id, createat, numoftrash, totalscore, description, iduser_id, trash_detail_id) VALUES (9154, '2023-05-14 00:37:07.433367+07', 3, 810, 'None', '2977', 9154);
INSERT INTO public.website_trashlist (id, createat, numoftrash, totalscore, description, iduser_id, trash_detail_id) VALUES (6158, '2023-05-14 01:57:26.214256+07', 3, 1100, 'None', '2977', 6158);
INSERT INTO public.website_trashlist (id, createat, numoftrash, totalscore, description, iduser_id, trash_detail_id) VALUES (7664, '2023-05-14 02:45:49.620352+07', 3, 1100, 'None', '2977', 7664);
INSERT INTO public.website_trashlist (id, createat, numoftrash, totalscore, description, iduser_id, trash_detail_id) VALUES (740, '2023-05-14 03:02:31.456145+07', 3, 1100, 'None', '2977', 740);
INSERT INTO public.website_trashlist (id, createat, numoftrash, totalscore, description, iduser_id, trash_detail_id) VALUES (5812, '2023-05-14 03:40:45.464715+07', 3, 1100, 'None', '2977', 5812);
INSERT INTO public.website_trashlist (id, createat, numoftrash, totalscore, description, iduser_id, trash_detail_id) VALUES (6945, '2023-05-14 03:43:11.938328+07', 3, 1100, 'None', '2977', 6945);
INSERT INTO public.website_trashlist (id, createat, numoftrash, totalscore, description, iduser_id, trash_detail_id) VALUES (5542, '2023-05-14 03:52:35.47607+07', 3, 1100, 'None', '2977', 5542);
INSERT INTO public.website_trashlist (id, createat, numoftrash, totalscore, description, iduser_id, trash_detail_id) VALUES (3105, '2023-05-14 17:50:55.456064+07', 3, 2360, 'None', '2977', 3105);
INSERT INTO public.website_trashlist (id, createat, numoftrash, totalscore, description, iduser_id, trash_detail_id) VALUES (9669, '2023-05-14 17:53:19.659689+07', 3, 260, 'None', '2977', 9669);
INSERT INTO public.website_trashlist (id, createat, numoftrash, totalscore, description, iduser_id, trash_detail_id) VALUES (6642, '2023-05-14 18:37:06.124424+07', 3, 2360, 'None', '2977', 6642);
INSERT INTO public.website_trashlist (id, createat, numoftrash, totalscore, description, iduser_id, trash_detail_id) VALUES (6529, '2023-05-14 18:48:01.641201+07', 3, 540, 'None', '2977', 6529);
INSERT INTO public.website_trashlist (id, createat, numoftrash, totalscore, description, iduser_id, trash_detail_id) VALUES (8055, '2023-05-14 19:05:52.633214+07', 3, 1100, 'None', '2977', 8055);
INSERT INTO public.website_trashlist (id, createat, numoftrash, totalscore, description, iduser_id, trash_detail_id) VALUES (1532, '2023-05-14 19:10:40.808812+07', 3, 960, 'None', '2977', 1532);
INSERT INTO public.website_trashlist (id, createat, numoftrash, totalscore, description, iduser_id, trash_detail_id) VALUES (3000, '2023-05-14 19:12:45.343219+07', 3, 960, 'None', '2977', 3000);
INSERT INTO public.website_trashlist (id, createat, numoftrash, totalscore, description, iduser_id, trash_detail_id) VALUES (848, '2023-05-14 19:58:05.864014+07', 3, 820, 'None', '2977', 848);
INSERT INTO public.website_trashlist (id, createat, numoftrash, totalscore, description, iduser_id, trash_detail_id) VALUES (8375, '2023-05-14 20:06:00.783696+07', 3, 400, 'None', '2977', 8375);
INSERT INTO public.website_trashlist (id, createat, numoftrash, totalscore, description, iduser_id, trash_detail_id) VALUES (1868, '2023-05-14 20:08:54.017405+07', 3, 680, 'None', '2977', 1868);
INSERT INTO public.website_trashlist (id, createat, numoftrash, totalscore, description, iduser_id, trash_detail_id) VALUES (9913, '2023-05-14 20:09:53.670595+07', 3, 540, 'None', '2977', 9913);
INSERT INTO public.website_trashlist (id, createat, numoftrash, totalscore, description, iduser_id, trash_detail_id) VALUES (3262, '2023-05-14 20:13:45.814278+07', 3, 400, 'None', '2977', 3262);
INSERT INTO public.website_trashlist (id, createat, numoftrash, totalscore, description, iduser_id, trash_detail_id) VALUES (8979, '2023-05-14 20:14:02.349875+07', 3, 540, 'None', '2977', 8979);
INSERT INTO public.website_trashlist (id, createat, numoftrash, totalscore, description, iduser_id, trash_detail_id) VALUES (2633, '2023-05-14 20:14:15.366784+07', 3, 680, 'None', '2977', 2633);
INSERT INTO public.website_trashlist (id, createat, numoftrash, totalscore, description, iduser_id, trash_detail_id) VALUES (1836, '2023-05-14 20:15:18.947088+07', 3, 400, 'None', '2977', 1836);
INSERT INTO public.website_trashlist (id, createat, numoftrash, totalscore, description, iduser_id, trash_detail_id) VALUES (6112, '2023-05-14 20:15:30.006324+07', 3, 540, 'None', '2977', 6112);
INSERT INTO public.website_trashlist (id, createat, numoftrash, totalscore, description, iduser_id, trash_detail_id) VALUES (2627, '2023-05-14 20:15:59.919883+07', 3, 2360, 'None', '2977', 2627);
INSERT INTO public.website_trashlist (id, createat, numoftrash, totalscore, description, iduser_id, trash_detail_id) VALUES (2636, '2023-05-14 20:17:05.258691+07', 3, 820, 'None', '2977', 2636);
INSERT INTO public.website_trashlist (id, createat, numoftrash, totalscore, description, iduser_id, trash_detail_id) VALUES (4744, '2023-05-14 20:20:01.584419+07', 3, 820, 'None', '2977', 4744);
INSERT INTO public.website_trashlist (id, createat, numoftrash, totalscore, description, iduser_id, trash_detail_id) VALUES (8869, '2023-05-14 20:20:23.460505+07', 3, 400, 'None', '2977', 8869);
INSERT INTO public.website_trashlist (id, createat, numoftrash, totalscore, description, iduser_id, trash_detail_id) VALUES (4493, '2023-05-14 20:21:15.42219+07', 3, 400, 'None', '2977', 4493);
INSERT INTO public.website_trashlist (id, createat, numoftrash, totalscore, description, iduser_id, trash_detail_id) VALUES (6512, '2023-05-14 20:21:29.654036+07', 3, 680, 'None', '2977', 6512);
INSERT INTO public.website_trashlist (id, createat, numoftrash, totalscore, description, iduser_id, trash_detail_id) VALUES (5600, '2023-05-14 20:21:57.648469+07', 3, 540, 'None', '2977', 5600);
INSERT INTO public.website_trashlist (id, createat, numoftrash, totalscore, description, iduser_id, trash_detail_id) VALUES (7457, '2023-05-14 20:22:18.26103+07', 3, 680, 'None', '2977', 7457);
INSERT INTO public.website_trashlist (id, createat, numoftrash, totalscore, description, iduser_id, trash_detail_id) VALUES (1678, '2023-05-14 20:23:36.511743+07', 3, 680, 'None', '2977', 1678);
INSERT INTO public.website_trashlist (id, createat, numoftrash, totalscore, description, iduser_id, trash_detail_id) VALUES (4191, '2023-05-14 20:24:09.685263+07', 3, 680, 'None', '2977', 4191);
INSERT INTO public.website_trashlist (id, createat, numoftrash, totalscore, description, iduser_id, trash_detail_id) VALUES (7411, '2023-05-14 20:24:30.74559+07', 3, 540, 'None', '2977', 7411);
INSERT INTO public.website_trashlist (id, createat, numoftrash, totalscore, description, iduser_id, trash_detail_id) VALUES (6685, '2023-05-14 20:25:04.850793+07', 3, 540, 'None', '2977', 6685);
INSERT INTO public.website_trashlist (id, createat, numoftrash, totalscore, description, iduser_id, trash_detail_id) VALUES (1071, '2023-05-14 20:25:18.233334+07', 3, 540, 'None', '2977', 1071);
INSERT INTO public.website_trashlist (id, createat, numoftrash, totalscore, description, iduser_id, trash_detail_id) VALUES (4729, '2023-05-15 01:34:43.780812+07', 3, 820, 'None', '2977', 4729);
INSERT INTO public.website_trashlist (id, createat, numoftrash, totalscore, description, iduser_id, trash_detail_id) VALUES (6997, '2023-05-15 01:34:45.041644+07', 3, 820, 'None', '2977', 6997);
INSERT INTO public.website_trashlist (id, createat, numoftrash, totalscore, description, iduser_id, trash_detail_id) VALUES (136, '2023-05-15 01:35:48.361964+07', 3, 680, 'None', '2977', 136);
INSERT INTO public.website_trashlist (id, createat, numoftrash, totalscore, description, iduser_id, trash_detail_id) VALUES (3928, '2023-05-15 01:36:47.02362+07', 3, 540, 'None', '2977', 3928);
INSERT INTO public.website_trashlist (id, createat, numoftrash, totalscore, description, iduser_id, trash_detail_id) VALUES (1774, '2023-05-15 01:37:20.087437+07', 3, 540, 'None', '2977', 1774);
INSERT INTO public.website_trashlist (id, createat, numoftrash, totalscore, description, iduser_id, trash_detail_id) VALUES (5683, '2023-05-15 01:39:10.348211+07', 3, 540, 'None', '2977', 5683);
INSERT INTO public.website_trashlist (id, createat, numoftrash, totalscore, description, iduser_id, trash_detail_id) VALUES (7761, '2023-05-15 01:50:04.559641+07', 3, 540, 'None', '2977', 7761);
INSERT INTO public.website_trashlist (id, createat, numoftrash, totalscore, description, iduser_id, trash_detail_id) VALUES (3975, '2023-05-15 01:51:10.919597+07', 3, 540, 'None', '2977', 3975);
INSERT INTO public.website_trashlist (id, createat, numoftrash, totalscore, description, iduser_id, trash_detail_id) VALUES (3243, '2023-05-15 01:53:29.567913+07', 3, 680, 'None', '2977', 3243);
INSERT INTO public.website_trashlist (id, createat, numoftrash, totalscore, description, iduser_id, trash_detail_id) VALUES (7058, '2023-05-15 01:54:38.307571+07', 3, 540, 'None', '2977', 7058);
INSERT INTO public.website_trashlist (id, createat, numoftrash, totalscore, description, iduser_id, trash_detail_id) VALUES (1940, '2023-05-15 01:57:59.309159+07', 3, 540, 'None', '2977', 1940);
INSERT INTO public.website_trashlist (id, createat, numoftrash, totalscore, description, iduser_id, trash_detail_id) VALUES (2857, '2023-05-15 02:12:08.302225+07', 3, 680, 'None', '2977', 2857);
INSERT INTO public.website_trashlist (id, createat, numoftrash, totalscore, description, iduser_id, trash_detail_id) VALUES (3660, '2023-05-15 02:14:11.858729+07', 3, 540, 'None', '2977', 3660);
INSERT INTO public.website_trashlist (id, createat, numoftrash, totalscore, description, iduser_id, trash_detail_id) VALUES (9833, '2023-05-15 02:16:48.241369+07', 3, 680, 'None', '2977', 9833);
INSERT INTO public.website_trashlist (id, createat, numoftrash, totalscore, description, iduser_id, trash_detail_id) VALUES (7102, '2023-05-15 02:20:01.218693+07', 3, 2360, 'None', '2977', 7102);
INSERT INTO public.website_trashlist (id, createat, numoftrash, totalscore, description, iduser_id, trash_detail_id) VALUES (8265, '2023-05-15 02:27:16.633584+07', 3, 1380, 'None', '2977', 8265);
INSERT INTO public.website_trashlist (id, createat, numoftrash, totalscore, description, iduser_id, trash_detail_id) VALUES (27, '2023-05-15 02:59:08.605883+07', 3, 1100, 'None', '2977', 27);
INSERT INTO public.website_trashlist (id, createat, numoftrash, totalscore, description, iduser_id, trash_detail_id) VALUES (8003, '2023-05-15 03:03:27.584907+07', 3, 1240, 'None', '2977', 8003);
INSERT INTO public.website_trashlist (id, createat, numoftrash, totalscore, description, iduser_id, trash_detail_id) VALUES (1668, '2023-05-15 03:08:37.89457+07', 3, 400, 'None', '2977', 1668);
INSERT INTO public.website_trashlist (id, createat, numoftrash, totalscore, description, iduser_id, trash_detail_id) VALUES (8803, '2023-05-15 03:09:04.652646+07', 3, 400, 'None', '2977', 8803);
INSERT INTO public.website_trashlist (id, createat, numoftrash, totalscore, description, iduser_id, trash_detail_id) VALUES (9527, '2023-05-15 07:32:40.792667+07', 3, 400, 'None', '2977', 9527);
INSERT INTO public.website_trashlist (id, createat, numoftrash, totalscore, description, iduser_id, trash_detail_id) VALUES (3049, '2023-05-15 08:39:57.796118+07', 3, 680, 'None', '2977', 3049);
INSERT INTO public.website_trashlist (id, createat, numoftrash, totalscore, description, iduser_id, trash_detail_id) VALUES (2191, '2023-05-15 08:44:09.090648+07', 3, 680, 'None', '2977', 2191);
INSERT INTO public.website_trashlist (id, createat, numoftrash, totalscore, description, iduser_id, trash_detail_id) VALUES (4935, '2023-05-15 08:52:31.645838+07', 3, 960, 'None', '2977', 4935);
INSERT INTO public.website_trashlist (id, createat, numoftrash, totalscore, description, iduser_id, trash_detail_id) VALUES (5286, '2023-05-15 08:56:38.182104+07', 3, 680, 'None', '2977', 5286);
INSERT INTO public.website_trashlist (id, createat, numoftrash, totalscore, description, iduser_id, trash_detail_id) VALUES (4639, '2023-05-15 09:00:04.749736+07', 3, 960, 'None', '2977', 4639);
INSERT INTO public.website_trashlist (id, createat, numoftrash, totalscore, description, iduser_id, trash_detail_id) VALUES (1352, '2023-05-15 09:02:02.139185+07', 3, 960, 'None', '2977', 1352);
INSERT INTO public.website_trashlist (id, createat, numoftrash, totalscore, description, iduser_id, trash_detail_id) VALUES (4950, '2023-05-16 00:33:45.4988+07', 0, 0, 'None', '2977', 4950);
INSERT INTO public.website_trashlist (id, createat, numoftrash, totalscore, description, iduser_id, trash_detail_id) VALUES (3285, '2023-05-16 00:48:07.992755+07', 2, 30, 'None', '2977', 3285);
INSERT INTO public.website_trashlist (id, createat, numoftrash, totalscore, description, iduser_id, trash_detail_id) VALUES (852, '2023-05-16 01:13:29.478913+07', 3, 60, 'None', '2977', 852);
INSERT INTO public.website_trashlist (id, createat, numoftrash, totalscore, description, iduser_id, trash_detail_id) VALUES (6481, '2023-05-16 02:01:57.587025+07', 3, 60, 'None', '2977', 6481);
INSERT INTO public.website_trashlist (id, createat, numoftrash, totalscore, description, iduser_id, trash_detail_id) VALUES (2908, '2023-05-16 02:08:43.813671+07', 3, 60, 'None', '2977', 2908);
INSERT INTO public.website_trashlist (id, createat, numoftrash, totalscore, description, iduser_id, trash_detail_id) VALUES (5932, '2023-05-16 04:20:07.177011+07', 0, 0, 'None', '2977', 5932);
INSERT INTO public.website_trashlist (id, createat, numoftrash, totalscore, description, iduser_id, trash_detail_id) VALUES (446, '2023-05-16 05:03:12.978598+07', 3, 60, 'None', '2977', 446);
INSERT INTO public.website_trashlist (id, createat, numoftrash, totalscore, description, iduser_id, trash_detail_id) VALUES (4273, '2023-05-17 19:54:26.208968+07', 2, 140, 'None', '2977', 4273);
INSERT INTO public.website_trashlist (id, createat, numoftrash, totalscore, description, iduser_id, trash_detail_id) VALUES (9929, '2023-05-17 19:57:50.447024+07', 3, 170, 'None', '2977', 9929);
INSERT INTO public.website_trashlist (id, createat, numoftrash, totalscore, description, iduser_id, trash_detail_id) VALUES (3185, '2023-05-17 22:24:45.925807+07', 3, 960, 'None', '2977', 3185);
INSERT INTO public.website_trashlist (id, createat, numoftrash, totalscore, description, iduser_id, trash_detail_id) VALUES (6819, '2023-05-17 23:37:27.751206+07', 0, 0, 'None', '2977', 6819);
INSERT INTO public.website_trashlist (id, createat, numoftrash, totalscore, description, iduser_id, trash_detail_id) VALUES (1098, '2023-05-17 23:50:42.880711+07', 1, 50, 'None', '2977', 1098);
INSERT INTO public.website_trashlist (id, createat, numoftrash, totalscore, description, iduser_id, trash_detail_id) VALUES (9692, '2023-05-18 08:15:25.354213+07', 3, 370, 'None', '2977', 9692);
INSERT INTO public.website_trashlist (id, createat, numoftrash, totalscore, description, iduser_id, trash_detail_id) VALUES (7934, '2023-05-18 09:04:40.497773+07', 1, 1700, 'None', '2977', 7934);
INSERT INTO public.website_trashlist (id, createat, numoftrash, totalscore, description, iduser_id, trash_detail_id) VALUES (3828, '2023-05-18 09:19:17.286943+07', 1, 650, 'None', '2977', 3828);
INSERT INTO public.website_trashlist (id, createat, numoftrash, totalscore, description, iduser_id, trash_detail_id) VALUES (6892, '2023-05-18 14:33:18.87097+07', 3, 1940, 'None', '2977', 6892);
INSERT INTO public.website_trashlist (id, createat, numoftrash, totalscore, description, iduser_id, trash_detail_id) VALUES (2500, '2023-05-18 14:42:30.350295+07', 3, 820, 'None', '2977', 2500);
INSERT INTO public.website_trashlist (id, createat, numoftrash, totalscore, description, iduser_id, trash_detail_id) VALUES (5592, '2023-05-19 12:18:30.709725+07', 1, 150, 'None', '2977', 5592);
INSERT INTO public.website_trashlist (id, createat, numoftrash, totalscore, description, iduser_id, trash_detail_id) VALUES (9757, '2023-05-20 05:07:46.320583+07', 3, 2920, 'None', '2977', 9757);
INSERT INTO public.website_trashlist (id, createat, numoftrash, totalscore, description, iduser_id, trash_detail_id) VALUES (6392, '2023-05-21 18:07:37.067391+07', 2, 90, 'None', '2977', 6392);
INSERT INTO public.website_trashlist (id, createat, numoftrash, totalscore, description, iduser_id, trash_detail_id) VALUES (2669, '2023-05-22 17:48:14.950247+07', 3, 90, 'None', '2977', 2669);
INSERT INTO public.website_trashlist (id, createat, numoftrash, totalscore, description, iduser_id, trash_detail_id) VALUES (3411, '2023-05-22 17:53:26.201741+07', 3, 720, 'None', '2977', 3411);
INSERT INTO public.website_trashlist (id, createat, numoftrash, totalscore, description, iduser_id, trash_detail_id) VALUES (3593, '2023-05-22 18:00:39.373389+07', 3, 4210, 'None', '2977', 3593);
INSERT INTO public.website_trashlist (id, createat, numoftrash, totalscore, description, iduser_id, trash_detail_id) VALUES (3583, '2023-05-23 18:23:52.456263+07', 3, 140, 'None', '2977', 3583);


--
-- TOC entry 3521 (class 0 OID 116744)
-- Dependencies: 237
-- Data for Name: website_trashtype; Type: TABLE DATA; Schema: public; Owner: postgres
--



--
-- TOC entry 3522 (class 0 OID 116749)
-- Dependencies: 238
-- Data for Name: website_voucher; Type: TABLE DATA; Schema: public; Owner: postgres
--

INSERT INTO public.website_voucher (id, title, "AmountAvailable", "Create", body, "NeededPoint", author_id) VALUES (7318, 'Giảm 10% thanh toán hóa đơn điện tử từ 50K', 38, '2023-05-08 16:07:27.886155+07', 'Chúng tôi dành tặng bạn thẻ quà giảm 10%  khi thanh toán hóa đơn điện tử qua MoMo

QUY ĐỊNH THẺ QUÀ
1. Mỗi thẻ quà tặng áp dụng cho 1 lần thanh toán
2. Thẻ quà tặng không được hoàn lại và không có giá trị quy đổi thành tiền mặt
3. Thẻ quà không được cộng gộp

HƯỚNG DẪN SỬ DỤNG
1. Nhấn SỬ DỤNG & nhận mã thẻ
2. Dùng mã để thanh toán hóa đơn điện tử trên MoMo

(*)Lưu ý: Thẻ quà sẽ không được hoàn lại đối với các giao dịch yêu cầu hoàn tiền.', 600, 8231);
INSERT INTO public.website_voucher (id, title, "AmountAvailable", "Create", body, "NeededPoint", author_id) VALUES (7484, 'Tặng 10% khi mua điện thoại tại các chi nhánh SamSung', 50, '2023-05-20 04:23:50.734402+07', 'Sử dụng voucher để giảm 10% khi mua hàng tại bất kỳ cửa hàng nào của chúng tôi với giá trị trên 1.000.000 VND', 300, 9102);
INSERT INTO public.website_voucher (id, title, "AmountAvailable", "Create", body, "NeededPoint", author_id) VALUES (9314, 'Mua 1 tặng 1 khi mua tại quầy Highland', 40, '2023-05-08 16:07:08.501055+07', 'Dolor et eos labore stet justo sed est sed sed sed dolor stet amet', 500, 4248);


--
-- TOC entry 3531 (class 0 OID 0)
-- Dependencies: 220
-- Name: auth_group_id_seq; Type: SEQUENCE SET; Schema: public; Owner: postgres
--

SELECT pg_catalog.setval('public.auth_group_id_seq', 1, false);


--
-- TOC entry 3532 (class 0 OID 0)
-- Dependencies: 222
-- Name: auth_group_permissions_id_seq; Type: SEQUENCE SET; Schema: public; Owner: postgres
--

SELECT pg_catalog.setval('public.auth_group_permissions_id_seq', 1, false);


--
-- TOC entry 3533 (class 0 OID 0)
-- Dependencies: 218
-- Name: auth_permission_id_seq; Type: SEQUENCE SET; Schema: public; Owner: postgres
--

SELECT pg_catalog.setval('public.auth_permission_id_seq', 60, true);


--
-- TOC entry 3534 (class 0 OID 0)
-- Dependencies: 226
-- Name: auth_user_groups_id_seq; Type: SEQUENCE SET; Schema: public; Owner: postgres
--

SELECT pg_catalog.setval('public.auth_user_groups_id_seq', 1, false);


--
-- TOC entry 3535 (class 0 OID 0)
-- Dependencies: 224
-- Name: auth_user_id_seq; Type: SEQUENCE SET; Schema: public; Owner: postgres
--

SELECT pg_catalog.setval('public.auth_user_id_seq', 7, true);


--
-- TOC entry 3536 (class 0 OID 0)
-- Dependencies: 228
-- Name: auth_user_user_permissions_id_seq; Type: SEQUENCE SET; Schema: public; Owner: postgres
--

SELECT pg_catalog.setval('public.auth_user_user_permissions_id_seq', 1, false);


--
-- TOC entry 3537 (class 0 OID 0)
-- Dependencies: 230
-- Name: django_admin_log_id_seq; Type: SEQUENCE SET; Schema: public; Owner: postgres
--

SELECT pg_catalog.setval('public.django_admin_log_id_seq', 21, true);


--
-- TOC entry 3538 (class 0 OID 0)
-- Dependencies: 216
-- Name: django_content_type_id_seq; Type: SEQUENCE SET; Schema: public; Owner: postgres
--

SELECT pg_catalog.setval('public.django_content_type_id_seq', 15, true);


--
-- TOC entry 3539 (class 0 OID 0)
-- Dependencies: 214
-- Name: django_migrations_id_seq; Type: SEQUENCE SET; Schema: public; Owner: postgres
--

SELECT pg_catalog.setval('public.django_migrations_id_seq', 20, true);


--
-- TOC entry 3267 (class 2606 OID 116705)
-- Name: auth_group auth_group_name_key; Type: CONSTRAINT; Schema: public; Owner: postgres
--

ALTER TABLE ONLY public.auth_group
    ADD CONSTRAINT auth_group_name_key UNIQUE (name);


--
-- TOC entry 3272 (class 2606 OID 116636)
-- Name: auth_group_permissions auth_group_permissions_group_id_permission_id_0cd325b0_uniq; Type: CONSTRAINT; Schema: public; Owner: postgres
--

ALTER TABLE ONLY public.auth_group_permissions
    ADD CONSTRAINT auth_group_permissions_group_id_permission_id_0cd325b0_uniq UNIQUE (group_id, permission_id);


--
-- TOC entry 3275 (class 2606 OID 116605)
-- Name: auth_group_permissions auth_group_permissions_pkey; Type: CONSTRAINT; Schema: public; Owner: postgres
--

ALTER TABLE ONLY public.auth_group_permissions
    ADD CONSTRAINT auth_group_permissions_pkey PRIMARY KEY (id);


--
-- TOC entry 3269 (class 2606 OID 116597)
-- Name: auth_group auth_group_pkey; Type: CONSTRAINT; Schema: public; Owner: postgres
--

ALTER TABLE ONLY public.auth_group
    ADD CONSTRAINT auth_group_pkey PRIMARY KEY (id);


--
-- TOC entry 3262 (class 2606 OID 116627)
-- Name: auth_permission auth_permission_content_type_id_codename_01ab375a_uniq; Type: CONSTRAINT; Schema: public; Owner: postgres
--

ALTER TABLE ONLY public.auth_permission
    ADD CONSTRAINT auth_permission_content_type_id_codename_01ab375a_uniq UNIQUE (content_type_id, codename);


--
-- TOC entry 3264 (class 2606 OID 116591)
-- Name: auth_permission auth_permission_pkey; Type: CONSTRAINT; Schema: public; Owner: postgres
--

ALTER TABLE ONLY public.auth_permission
    ADD CONSTRAINT auth_permission_pkey PRIMARY KEY (id);


--
-- TOC entry 3283 (class 2606 OID 116619)
-- Name: auth_user_groups auth_user_groups_pkey; Type: CONSTRAINT; Schema: public; Owner: postgres
--

ALTER TABLE ONLY public.auth_user_groups
    ADD CONSTRAINT auth_user_groups_pkey PRIMARY KEY (id);


--
-- TOC entry 3286 (class 2606 OID 116651)
-- Name: auth_user_groups auth_user_groups_user_id_group_id_94350c0c_uniq; Type: CONSTRAINT; Schema: public; Owner: postgres
--

ALTER TABLE ONLY public.auth_user_groups
    ADD CONSTRAINT auth_user_groups_user_id_group_id_94350c0c_uniq UNIQUE (user_id, group_id);


--
-- TOC entry 3277 (class 2606 OID 116611)
-- Name: auth_user auth_user_pkey; Type: CONSTRAINT; Schema: public; Owner: postgres
--

ALTER TABLE ONLY public.auth_user
    ADD CONSTRAINT auth_user_pkey PRIMARY KEY (id);


--
-- TOC entry 3289 (class 2606 OID 116625)
-- Name: auth_user_user_permissions auth_user_user_permissions_pkey; Type: CONSTRAINT; Schema: public; Owner: postgres
--

ALTER TABLE ONLY public.auth_user_user_permissions
    ADD CONSTRAINT auth_user_user_permissions_pkey PRIMARY KEY (id);


--
-- TOC entry 3292 (class 2606 OID 116665)
-- Name: auth_user_user_permissions auth_user_user_permissions_user_id_permission_id_14a6b632_uniq; Type: CONSTRAINT; Schema: public; Owner: postgres
--

ALTER TABLE ONLY public.auth_user_user_permissions
    ADD CONSTRAINT auth_user_user_permissions_user_id_permission_id_14a6b632_uniq UNIQUE (user_id, permission_id);


--
-- TOC entry 3280 (class 2606 OID 116700)
-- Name: auth_user auth_user_username_key; Type: CONSTRAINT; Schema: public; Owner: postgres
--

ALTER TABLE ONLY public.auth_user
    ADD CONSTRAINT auth_user_username_key UNIQUE (username);


--
-- TOC entry 3295 (class 2606 OID 116686)
-- Name: django_admin_log django_admin_log_pkey; Type: CONSTRAINT; Schema: public; Owner: postgres
--

ALTER TABLE ONLY public.django_admin_log
    ADD CONSTRAINT django_admin_log_pkey PRIMARY KEY (id);


--
-- TOC entry 3257 (class 2606 OID 116585)
-- Name: django_content_type django_content_type_app_label_model_76bd3d3b_uniq; Type: CONSTRAINT; Schema: public; Owner: postgres
--

ALTER TABLE ONLY public.django_content_type
    ADD CONSTRAINT django_content_type_app_label_model_76bd3d3b_uniq UNIQUE (app_label, model);


--
-- TOC entry 3259 (class 2606 OID 116583)
-- Name: django_content_type django_content_type_pkey; Type: CONSTRAINT; Schema: public; Owner: postgres
--

ALTER TABLE ONLY public.django_content_type
    ADD CONSTRAINT django_content_type_pkey PRIMARY KEY (id);


--
-- TOC entry 3255 (class 2606 OID 116577)
-- Name: django_migrations django_migrations_pkey; Type: CONSTRAINT; Schema: public; Owner: postgres
--

ALTER TABLE ONLY public.django_migrations
    ADD CONSTRAINT django_migrations_pkey PRIMARY KEY (id);


--
-- TOC entry 3299 (class 2606 OID 116713)
-- Name: django_session django_session_pkey; Type: CONSTRAINT; Schema: public; Owner: postgres
--

ALTER TABLE ONLY public.django_session
    ADD CONSTRAINT django_session_pkey PRIMARY KEY (session_key);


--
-- TOC entry 3336 (class 2606 OID 116778)
-- Name: website_comment website_comment_pkey; Type: CONSTRAINT; Schema: public; Owner: postgres
--

ALTER TABLE ONLY public.website_comment
    ADD CONSTRAINT website_comment_pkey PRIMARY KEY (id);


--
-- TOC entry 3302 (class 2606 OID 116724)
-- Name: website_customer website_customer_User_id_key; Type: CONSTRAINT; Schema: public; Owner: postgres
--

ALTER TABLE ONLY public.website_customer
    ADD CONSTRAINT "website_customer_User_id_key" UNIQUE ("User_id");


--
-- TOC entry 3305 (class 2606 OID 116722)
-- Name: website_customer website_customer_pkey; Type: CONSTRAINT; Schema: public; Owner: postgres
--

ALTER TABLE ONLY public.website_customer
    ADD CONSTRAINT website_customer_pkey PRIMARY KEY (id);


--
-- TOC entry 3329 (class 2606 OID 116771)
-- Name: website_customervouchers website_customervouchers_GenerateCode_key; Type: CONSTRAINT; Schema: public; Owner: postgres
--

ALTER TABLE ONLY public.website_customervouchers
    ADD CONSTRAINT "website_customervouchers_GenerateCode_key" UNIQUE ("GenerateCode");


--
-- TOC entry 3332 (class 2606 OID 116769)
-- Name: website_customervouchers website_customervouchers_pkey; Type: CONSTRAINT; Schema: public; Owner: postgres
--

ALTER TABLE ONLY public.website_customervouchers
    ADD CONSTRAINT website_customervouchers_pkey PRIMARY KEY (id);


--
-- TOC entry 3307 (class 2606 OID 116731)
-- Name: website_news website_news_pkey; Type: CONSTRAINT; Schema: public; Owner: postgres
--

ALTER TABLE ONLY public.website_news
    ADD CONSTRAINT website_news_pkey PRIMARY KEY (id);


--
-- TOC entry 3309 (class 2606 OID 116738)
-- Name: website_partner website_partner_pkey; Type: CONSTRAINT; Schema: public; Owner: postgres
--

ALTER TABLE ONLY public.website_partner
    ADD CONSTRAINT website_partner_pkey PRIMARY KEY (id);


--
-- TOC entry 3313 (class 2606 OID 116743)
-- Name: website_trashdetail website_trashdetail_pkey; Type: CONSTRAINT; Schema: public; Owner: postgres
--

ALTER TABLE ONLY public.website_trashdetail
    ADD CONSTRAINT website_trashdetail_pkey PRIMARY KEY (id);


--
-- TOC entry 3322 (class 2606 OID 116762)
-- Name: website_trashlist website_trashlist_pkey; Type: CONSTRAINT; Schema: public; Owner: postgres
--

ALTER TABLE ONLY public.website_trashlist
    ADD CONSTRAINT website_trashlist_pkey PRIMARY KEY (id);


--
-- TOC entry 3324 (class 2606 OID 116764)
-- Name: website_trashlist website_trashlist_trash_detail_id_key; Type: CONSTRAINT; Schema: public; Owner: postgres
--

ALTER TABLE ONLY public.website_trashlist
    ADD CONSTRAINT website_trashlist_trash_detail_id_key UNIQUE (trash_detail_id);


--
-- TOC entry 3315 (class 2606 OID 116748)
-- Name: website_trashtype website_trashtype_pkey; Type: CONSTRAINT; Schema: public; Owner: postgres
--

ALTER TABLE ONLY public.website_trashtype
    ADD CONSTRAINT website_trashtype_pkey PRIMARY KEY (id);


--
-- TOC entry 3318 (class 2606 OID 116755)
-- Name: website_voucher website_voucher_pkey; Type: CONSTRAINT; Schema: public; Owner: postgres
--

ALTER TABLE ONLY public.website_voucher
    ADD CONSTRAINT website_voucher_pkey PRIMARY KEY (id);


--
-- TOC entry 3265 (class 1259 OID 116706)
-- Name: auth_group_name_a6ea08ec_like; Type: INDEX; Schema: public; Owner: postgres
--

CREATE INDEX auth_group_name_a6ea08ec_like ON public.auth_group USING btree (name varchar_pattern_ops);


--
-- TOC entry 3270 (class 1259 OID 116647)
-- Name: auth_group_permissions_group_id_b120cbf9; Type: INDEX; Schema: public; Owner: postgres
--

CREATE INDEX auth_group_permissions_group_id_b120cbf9 ON public.auth_group_permissions USING btree (group_id);


--
-- TOC entry 3273 (class 1259 OID 116648)
-- Name: auth_group_permissions_permission_id_84c5c92e; Type: INDEX; Schema: public; Owner: postgres
--

CREATE INDEX auth_group_permissions_permission_id_84c5c92e ON public.auth_group_permissions USING btree (permission_id);


--
-- TOC entry 3260 (class 1259 OID 116633)
-- Name: auth_permission_content_type_id_2f476e4b; Type: INDEX; Schema: public; Owner: postgres
--

CREATE INDEX auth_permission_content_type_id_2f476e4b ON public.auth_permission USING btree (content_type_id);


--
-- TOC entry 3281 (class 1259 OID 116663)
-- Name: auth_user_groups_group_id_97559544; Type: INDEX; Schema: public; Owner: postgres
--

CREATE INDEX auth_user_groups_group_id_97559544 ON public.auth_user_groups USING btree (group_id);


--
-- TOC entry 3284 (class 1259 OID 116662)
-- Name: auth_user_groups_user_id_6a12ed8b; Type: INDEX; Schema: public; Owner: postgres
--

CREATE INDEX auth_user_groups_user_id_6a12ed8b ON public.auth_user_groups USING btree (user_id);


--
-- TOC entry 3287 (class 1259 OID 116677)
-- Name: auth_user_user_permissions_permission_id_1fbb5f2c; Type: INDEX; Schema: public; Owner: postgres
--

CREATE INDEX auth_user_user_permissions_permission_id_1fbb5f2c ON public.auth_user_user_permissions USING btree (permission_id);


--
-- TOC entry 3290 (class 1259 OID 116676)
-- Name: auth_user_user_permissions_user_id_a95ead1b; Type: INDEX; Schema: public; Owner: postgres
--

CREATE INDEX auth_user_user_permissions_user_id_a95ead1b ON public.auth_user_user_permissions USING btree (user_id);


--
-- TOC entry 3278 (class 1259 OID 116701)
-- Name: auth_user_username_6821ab7c_like; Type: INDEX; Schema: public; Owner: postgres
--

CREATE INDEX auth_user_username_6821ab7c_like ON public.auth_user USING btree (username varchar_pattern_ops);


--
-- TOC entry 3293 (class 1259 OID 116697)
-- Name: django_admin_log_content_type_id_c4bce8eb; Type: INDEX; Schema: public; Owner: postgres
--

CREATE INDEX django_admin_log_content_type_id_c4bce8eb ON public.django_admin_log USING btree (content_type_id);


--
-- TOC entry 3296 (class 1259 OID 116698)
-- Name: django_admin_log_user_id_c564eba6; Type: INDEX; Schema: public; Owner: postgres
--

CREATE INDEX django_admin_log_user_id_c564eba6 ON public.django_admin_log USING btree (user_id);


--
-- TOC entry 3297 (class 1259 OID 116715)
-- Name: django_session_expire_date_a5c62663; Type: INDEX; Schema: public; Owner: postgres
--

CREATE INDEX django_session_expire_date_a5c62663 ON public.django_session USING btree (expire_date);


--
-- TOC entry 3300 (class 1259 OID 116714)
-- Name: django_session_session_key_c0390e0f_like; Type: INDEX; Schema: public; Owner: postgres
--

CREATE INDEX django_session_session_key_c0390e0f_like ON public.django_session USING btree (session_key varchar_pattern_ops);


--
-- TOC entry 3333 (class 1259 OID 131162)
-- Name: website_comment_name_id_8c5f2cdf; Type: INDEX; Schema: public; Owner: postgres
--

CREATE INDEX website_comment_name_id_8c5f2cdf ON public.website_comment USING btree (name_id);


--
-- TOC entry 3334 (class 1259 OID 131168)
-- Name: website_comment_name_id_8c5f2cdf_like; Type: INDEX; Schema: public; Owner: postgres
--

CREATE INDEX website_comment_name_id_8c5f2cdf_like ON public.website_comment USING btree (name_id varchar_pattern_ops);


--
-- TOC entry 3337 (class 1259 OID 116829)
-- Name: website_comment_post_id_e59b940c; Type: INDEX; Schema: public; Owner: postgres
--

CREATE INDEX website_comment_post_id_e59b940c ON public.website_comment USING btree (post_id);


--
-- TOC entry 3303 (class 1259 OID 116784)
-- Name: website_customer_id_5de5a388_like; Type: INDEX; Schema: public; Owner: postgres
--

CREATE INDEX website_customer_id_5de5a388_like ON public.website_customer USING btree (id varchar_pattern_ops);


--
-- TOC entry 3325 (class 1259 OID 116821)
-- Name: website_customervouchers_Customer_id_id_34be8db9; Type: INDEX; Schema: public; Owner: postgres
--

CREATE INDEX "website_customervouchers_Customer_id_id_34be8db9" ON public.website_customervouchers USING btree ("Customer_id_id");


--
-- TOC entry 3326 (class 1259 OID 116822)
-- Name: website_customervouchers_Customer_id_id_34be8db9_like; Type: INDEX; Schema: public; Owner: postgres
--

CREATE INDEX "website_customervouchers_Customer_id_id_34be8db9_like" ON public.website_customervouchers USING btree ("Customer_id_id" varchar_pattern_ops);


--
-- TOC entry 3327 (class 1259 OID 116820)
-- Name: website_customervouchers_GenerateCode_bd65fec9_like; Type: INDEX; Schema: public; Owner: postgres
--

CREATE INDEX "website_customervouchers_GenerateCode_bd65fec9_like" ON public.website_customervouchers USING btree ("GenerateCode" varchar_pattern_ops);


--
-- TOC entry 3330 (class 1259 OID 116823)
-- Name: website_customervouchers_Voucher_id_id_424b7239; Type: INDEX; Schema: public; Owner: postgres
--

CREATE INDEX "website_customervouchers_Voucher_id_id_424b7239" ON public.website_customervouchers USING btree ("Voucher_id_id");


--
-- TOC entry 3310 (class 1259 OID 116790)
-- Name: website_trashdetail_iduser_id_e4cde926; Type: INDEX; Schema: public; Owner: postgres
--

CREATE INDEX website_trashdetail_iduser_id_e4cde926 ON public.website_trashdetail USING btree (iduser_id);


--
-- TOC entry 3311 (class 1259 OID 116791)
-- Name: website_trashdetail_iduser_id_e4cde926_like; Type: INDEX; Schema: public; Owner: postgres
--

CREATE INDEX website_trashdetail_iduser_id_e4cde926_like ON public.website_trashdetail USING btree (iduser_id varchar_pattern_ops);


--
-- TOC entry 3319 (class 1259 OID 116808)
-- Name: website_trashlist_iduser_id_000166bb; Type: INDEX; Schema: public; Owner: postgres
--

CREATE INDEX website_trashlist_iduser_id_000166bb ON public.website_trashlist USING btree (iduser_id);


--
-- TOC entry 3320 (class 1259 OID 116809)
-- Name: website_trashlist_iduser_id_000166bb_like; Type: INDEX; Schema: public; Owner: postgres
--

CREATE INDEX website_trashlist_iduser_id_000166bb_like ON public.website_trashlist USING btree (iduser_id varchar_pattern_ops);


--
-- TOC entry 3316 (class 1259 OID 116797)
-- Name: website_voucher_author_id_94c7ecf5; Type: INDEX; Schema: public; Owner: postgres
--

CREATE INDEX website_voucher_author_id_94c7ecf5 ON public.website_voucher USING btree (author_id);


--
-- TOC entry 3339 (class 2606 OID 116642)
-- Name: auth_group_permissions auth_group_permissio_permission_id_84c5c92e_fk_auth_perm; Type: FK CONSTRAINT; Schema: public; Owner: postgres
--

ALTER TABLE ONLY public.auth_group_permissions
    ADD CONSTRAINT auth_group_permissio_permission_id_84c5c92e_fk_auth_perm FOREIGN KEY (permission_id) REFERENCES public.auth_permission(id) DEFERRABLE INITIALLY DEFERRED;


--
-- TOC entry 3340 (class 2606 OID 116637)
-- Name: auth_group_permissions auth_group_permissions_group_id_b120cbf9_fk_auth_group_id; Type: FK CONSTRAINT; Schema: public; Owner: postgres
--

ALTER TABLE ONLY public.auth_group_permissions
    ADD CONSTRAINT auth_group_permissions_group_id_b120cbf9_fk_auth_group_id FOREIGN KEY (group_id) REFERENCES public.auth_group(id) DEFERRABLE INITIALLY DEFERRED;


--
-- TOC entry 3338 (class 2606 OID 116628)
-- Name: auth_permission auth_permission_content_type_id_2f476e4b_fk_django_co; Type: FK CONSTRAINT; Schema: public; Owner: postgres
--

ALTER TABLE ONLY public.auth_permission
    ADD CONSTRAINT auth_permission_content_type_id_2f476e4b_fk_django_co FOREIGN KEY (content_type_id) REFERENCES public.django_content_type(id) DEFERRABLE INITIALLY DEFERRED;


--
-- TOC entry 3341 (class 2606 OID 116657)
-- Name: auth_user_groups auth_user_groups_group_id_97559544_fk_auth_group_id; Type: FK CONSTRAINT; Schema: public; Owner: postgres
--

ALTER TABLE ONLY public.auth_user_groups
    ADD CONSTRAINT auth_user_groups_group_id_97559544_fk_auth_group_id FOREIGN KEY (group_id) REFERENCES public.auth_group(id) DEFERRABLE INITIALLY DEFERRED;


--
-- TOC entry 3342 (class 2606 OID 116652)
-- Name: auth_user_groups auth_user_groups_user_id_6a12ed8b_fk_auth_user_id; Type: FK CONSTRAINT; Schema: public; Owner: postgres
--

ALTER TABLE ONLY public.auth_user_groups
    ADD CONSTRAINT auth_user_groups_user_id_6a12ed8b_fk_auth_user_id FOREIGN KEY (user_id) REFERENCES public.auth_user(id) DEFERRABLE INITIALLY DEFERRED;


--
-- TOC entry 3343 (class 2606 OID 116671)
-- Name: auth_user_user_permissions auth_user_user_permi_permission_id_1fbb5f2c_fk_auth_perm; Type: FK CONSTRAINT; Schema: public; Owner: postgres
--

ALTER TABLE ONLY public.auth_user_user_permissions
    ADD CONSTRAINT auth_user_user_permi_permission_id_1fbb5f2c_fk_auth_perm FOREIGN KEY (permission_id) REFERENCES public.auth_permission(id) DEFERRABLE INITIALLY DEFERRED;


--
-- TOC entry 3344 (class 2606 OID 116666)
-- Name: auth_user_user_permissions auth_user_user_permissions_user_id_a95ead1b_fk_auth_user_id; Type: FK CONSTRAINT; Schema: public; Owner: postgres
--

ALTER TABLE ONLY public.auth_user_user_permissions
    ADD CONSTRAINT auth_user_user_permissions_user_id_a95ead1b_fk_auth_user_id FOREIGN KEY (user_id) REFERENCES public.auth_user(id) DEFERRABLE INITIALLY DEFERRED;


--
-- TOC entry 3345 (class 2606 OID 116687)
-- Name: django_admin_log django_admin_log_content_type_id_c4bce8eb_fk_django_co; Type: FK CONSTRAINT; Schema: public; Owner: postgres
--

ALTER TABLE ONLY public.django_admin_log
    ADD CONSTRAINT django_admin_log_content_type_id_c4bce8eb_fk_django_co FOREIGN KEY (content_type_id) REFERENCES public.django_content_type(id) DEFERRABLE INITIALLY DEFERRED;


--
-- TOC entry 3346 (class 2606 OID 116692)
-- Name: django_admin_log django_admin_log_user_id_c564eba6_fk_auth_user_id; Type: FK CONSTRAINT; Schema: public; Owner: postgres
--

ALTER TABLE ONLY public.django_admin_log
    ADD CONSTRAINT django_admin_log_user_id_c564eba6_fk_auth_user_id FOREIGN KEY (user_id) REFERENCES public.auth_user(id) DEFERRABLE INITIALLY DEFERRED;


--
-- TOC entry 3354 (class 2606 OID 131163)
-- Name: website_comment website_comment_name_id_8c5f2cdf_fk_website_customer_id; Type: FK CONSTRAINT; Schema: public; Owner: postgres
--

ALTER TABLE ONLY public.website_comment
    ADD CONSTRAINT website_comment_name_id_8c5f2cdf_fk_website_customer_id FOREIGN KEY (name_id) REFERENCES public.website_customer(id) DEFERRABLE INITIALLY DEFERRED;


--
-- TOC entry 3355 (class 2606 OID 116824)
-- Name: website_comment website_comment_post_id_e59b940c_fk_website_voucher_id; Type: FK CONSTRAINT; Schema: public; Owner: postgres
--

ALTER TABLE ONLY public.website_comment
    ADD CONSTRAINT website_comment_post_id_e59b940c_fk_website_voucher_id FOREIGN KEY (post_id) REFERENCES public.website_voucher(id) DEFERRABLE INITIALLY DEFERRED;


--
-- TOC entry 3347 (class 2606 OID 116779)
-- Name: website_customer website_customer_User_id_56ce85fe_fk_auth_user_id; Type: FK CONSTRAINT; Schema: public; Owner: postgres
--

ALTER TABLE ONLY public.website_customer
    ADD CONSTRAINT "website_customer_User_id_56ce85fe_fk_auth_user_id" FOREIGN KEY ("User_id") REFERENCES public.auth_user(id) DEFERRABLE INITIALLY DEFERRED;


--
-- TOC entry 3352 (class 2606 OID 116810)
-- Name: website_customervouchers website_customervouc_Customer_id_id_34be8db9_fk_website_c; Type: FK CONSTRAINT; Schema: public; Owner: postgres
--

ALTER TABLE ONLY public.website_customervouchers
    ADD CONSTRAINT "website_customervouc_Customer_id_id_34be8db9_fk_website_c" FOREIGN KEY ("Customer_id_id") REFERENCES public.website_customer(id) DEFERRABLE INITIALLY DEFERRED;


--
-- TOC entry 3353 (class 2606 OID 116815)
-- Name: website_customervouchers website_customervouc_Voucher_id_id_424b7239_fk_website_v; Type: FK CONSTRAINT; Schema: public; Owner: postgres
--

ALTER TABLE ONLY public.website_customervouchers
    ADD CONSTRAINT "website_customervouc_Voucher_id_id_424b7239_fk_website_v" FOREIGN KEY ("Voucher_id_id") REFERENCES public.website_voucher(id) DEFERRABLE INITIALLY DEFERRED;


--
-- TOC entry 3348 (class 2606 OID 116785)
-- Name: website_trashdetail website_trashdetail_iduser_id_e4cde926_fk_website_customer_id; Type: FK CONSTRAINT; Schema: public; Owner: postgres
--

ALTER TABLE ONLY public.website_trashdetail
    ADD CONSTRAINT website_trashdetail_iduser_id_e4cde926_fk_website_customer_id FOREIGN KEY (iduser_id) REFERENCES public.website_customer(id) DEFERRABLE INITIALLY DEFERRED;


--
-- TOC entry 3350 (class 2606 OID 116798)
-- Name: website_trashlist website_trashlist_iduser_id_000166bb_fk_website_customer_id; Type: FK CONSTRAINT; Schema: public; Owner: postgres
--

ALTER TABLE ONLY public.website_trashlist
    ADD CONSTRAINT website_trashlist_iduser_id_000166bb_fk_website_customer_id FOREIGN KEY (iduser_id) REFERENCES public.website_customer(id) DEFERRABLE INITIALLY DEFERRED;


--
-- TOC entry 3351 (class 2606 OID 116803)
-- Name: website_trashlist website_trashlist_trash_detail_id_6edb9b6a_fk_website_t; Type: FK CONSTRAINT; Schema: public; Owner: postgres
--

ALTER TABLE ONLY public.website_trashlist
    ADD CONSTRAINT website_trashlist_trash_detail_id_6edb9b6a_fk_website_t FOREIGN KEY (trash_detail_id) REFERENCES public.website_trashdetail(id) DEFERRABLE INITIALLY DEFERRED;


--
-- TOC entry 3349 (class 2606 OID 116792)
-- Name: website_voucher website_voucher_author_id_94c7ecf5_fk_website_partner_id; Type: FK CONSTRAINT; Schema: public; Owner: postgres
--

ALTER TABLE ONLY public.website_voucher
    ADD CONSTRAINT website_voucher_author_id_94c7ecf5_fk_website_partner_id FOREIGN KEY (author_id) REFERENCES public.website_partner(id) DEFERRABLE INITIALLY DEFERRED;


-- Completed on 2023-05-28 09:41:43

--
-- PostgreSQL database dump complete
--

