--
-- PostgreSQL database dump
--

-- Dumped from database version 15.2
-- Dumped by pg_dump version 15.2

-- Started on 2023-04-22 19:51:50

SET statement_timeout = 0;
SET lock_timeout = 0;
SET idle_in_transaction_session_timeout = 0;
SET client_encoding = 'UTF8';
SET standard_conforming_strings = on;
SELECT pg_catalog.set_config('search_path', '', false);
SET check_function_bodies = false;
SET xmloption = content;
SET client_min_messages = warning;
SET row_security = off;

SET default_tablespace = '';

SET default_table_access_method = heap;

--
-- TOC entry 221 (class 1259 OID 74312)
-- Name: auth_group; Type: TABLE; Schema: public; Owner: postgres
--

CREATE TABLE public.auth_group (
    id integer NOT NULL,
    name character varying(150) NOT NULL
);


ALTER TABLE public.auth_group OWNER TO postgres;

--
-- TOC entry 220 (class 1259 OID 74311)
-- Name: auth_group_id_seq; Type: SEQUENCE; Schema: public; Owner: postgres
--

ALTER TABLE public.auth_group ALTER COLUMN id ADD GENERATED BY DEFAULT AS IDENTITY (
    SEQUENCE NAME public.auth_group_id_seq
    START WITH 1
    INCREMENT BY 1
    NO MINVALUE
    NO MAXVALUE
    CACHE 1
);


--
-- TOC entry 223 (class 1259 OID 74320)
-- Name: auth_group_permissions; Type: TABLE; Schema: public; Owner: postgres
--

CREATE TABLE public.auth_group_permissions (
    id bigint NOT NULL,
    group_id integer NOT NULL,
    permission_id integer NOT NULL
);


ALTER TABLE public.auth_group_permissions OWNER TO postgres;

--
-- TOC entry 222 (class 1259 OID 74319)
-- Name: auth_group_permissions_id_seq; Type: SEQUENCE; Schema: public; Owner: postgres
--

ALTER TABLE public.auth_group_permissions ALTER COLUMN id ADD GENERATED BY DEFAULT AS IDENTITY (
    SEQUENCE NAME public.auth_group_permissions_id_seq
    START WITH 1
    INCREMENT BY 1
    NO MINVALUE
    NO MAXVALUE
    CACHE 1
);


--
-- TOC entry 219 (class 1259 OID 74306)
-- Name: auth_permission; Type: TABLE; Schema: public; Owner: postgres
--

CREATE TABLE public.auth_permission (
    id integer NOT NULL,
    name character varying(255) NOT NULL,
    content_type_id integer NOT NULL,
    codename character varying(100) NOT NULL
);


ALTER TABLE public.auth_permission OWNER TO postgres;

--
-- TOC entry 218 (class 1259 OID 74305)
-- Name: auth_permission_id_seq; Type: SEQUENCE; Schema: public; Owner: postgres
--

ALTER TABLE public.auth_permission ALTER COLUMN id ADD GENERATED BY DEFAULT AS IDENTITY (
    SEQUENCE NAME public.auth_permission_id_seq
    START WITH 1
    INCREMENT BY 1
    NO MINVALUE
    NO MAXVALUE
    CACHE 1
);


--
-- TOC entry 225 (class 1259 OID 74326)
-- Name: auth_user; Type: TABLE; Schema: public; Owner: postgres
--

CREATE TABLE public.auth_user (
    id integer NOT NULL,
    password character varying(128) NOT NULL,
    last_login timestamp with time zone,
    is_superuser boolean NOT NULL,
    username character varying(150) NOT NULL,
    first_name character varying(150) NOT NULL,
    last_name character varying(150) NOT NULL,
    email character varying(254) NOT NULL,
    is_staff boolean NOT NULL,
    is_active boolean NOT NULL,
    date_joined timestamp with time zone NOT NULL
);


ALTER TABLE public.auth_user OWNER TO postgres;

--
-- TOC entry 227 (class 1259 OID 74334)
-- Name: auth_user_groups; Type: TABLE; Schema: public; Owner: postgres
--

CREATE TABLE public.auth_user_groups (
    id bigint NOT NULL,
    user_id integer NOT NULL,
    group_id integer NOT NULL
);


ALTER TABLE public.auth_user_groups OWNER TO postgres;

--
-- TOC entry 226 (class 1259 OID 74333)
-- Name: auth_user_groups_id_seq; Type: SEQUENCE; Schema: public; Owner: postgres
--

ALTER TABLE public.auth_user_groups ALTER COLUMN id ADD GENERATED BY DEFAULT AS IDENTITY (
    SEQUENCE NAME public.auth_user_groups_id_seq
    START WITH 1
    INCREMENT BY 1
    NO MINVALUE
    NO MAXVALUE
    CACHE 1
);


--
-- TOC entry 224 (class 1259 OID 74325)
-- Name: auth_user_id_seq; Type: SEQUENCE; Schema: public; Owner: postgres
--

ALTER TABLE public.auth_user ALTER COLUMN id ADD GENERATED BY DEFAULT AS IDENTITY (
    SEQUENCE NAME public.auth_user_id_seq
    START WITH 1
    INCREMENT BY 1
    NO MINVALUE
    NO MAXVALUE
    CACHE 1
);


--
-- TOC entry 229 (class 1259 OID 74340)
-- Name: auth_user_user_permissions; Type: TABLE; Schema: public; Owner: postgres
--

CREATE TABLE public.auth_user_user_permissions (
    id bigint NOT NULL,
    user_id integer NOT NULL,
    permission_id integer NOT NULL
);


ALTER TABLE public.auth_user_user_permissions OWNER TO postgres;

--
-- TOC entry 228 (class 1259 OID 74339)
-- Name: auth_user_user_permissions_id_seq; Type: SEQUENCE; Schema: public; Owner: postgres
--

ALTER TABLE public.auth_user_user_permissions ALTER COLUMN id ADD GENERATED BY DEFAULT AS IDENTITY (
    SEQUENCE NAME public.auth_user_user_permissions_id_seq
    START WITH 1
    INCREMENT BY 1
    NO MINVALUE
    NO MAXVALUE
    CACHE 1
);


--
-- TOC entry 231 (class 1259 OID 74398)
-- Name: django_admin_log; Type: TABLE; Schema: public; Owner: postgres
--

CREATE TABLE public.django_admin_log (
    id integer NOT NULL,
    action_time timestamp with time zone NOT NULL,
    object_id text,
    object_repr character varying(200) NOT NULL,
    action_flag smallint NOT NULL,
    change_message text NOT NULL,
    content_type_id integer,
    user_id integer NOT NULL,
    CONSTRAINT django_admin_log_action_flag_check CHECK ((action_flag >= 0))
);


ALTER TABLE public.django_admin_log OWNER TO postgres;

--
-- TOC entry 230 (class 1259 OID 74397)
-- Name: django_admin_log_id_seq; Type: SEQUENCE; Schema: public; Owner: postgres
--

ALTER TABLE public.django_admin_log ALTER COLUMN id ADD GENERATED BY DEFAULT AS IDENTITY (
    SEQUENCE NAME public.django_admin_log_id_seq
    START WITH 1
    INCREMENT BY 1
    NO MINVALUE
    NO MAXVALUE
    CACHE 1
);


--
-- TOC entry 217 (class 1259 OID 74298)
-- Name: django_content_type; Type: TABLE; Schema: public; Owner: postgres
--

CREATE TABLE public.django_content_type (
    id integer NOT NULL,
    app_label character varying(100) NOT NULL,
    model character varying(100) NOT NULL
);


ALTER TABLE public.django_content_type OWNER TO postgres;

--
-- TOC entry 216 (class 1259 OID 74297)
-- Name: django_content_type_id_seq; Type: SEQUENCE; Schema: public; Owner: postgres
--

ALTER TABLE public.django_content_type ALTER COLUMN id ADD GENERATED BY DEFAULT AS IDENTITY (
    SEQUENCE NAME public.django_content_type_id_seq
    START WITH 1
    INCREMENT BY 1
    NO MINVALUE
    NO MAXVALUE
    CACHE 1
);


--
-- TOC entry 215 (class 1259 OID 74290)
-- Name: django_migrations; Type: TABLE; Schema: public; Owner: postgres
--

CREATE TABLE public.django_migrations (
    id bigint NOT NULL,
    app character varying(255) NOT NULL,
    name character varying(255) NOT NULL,
    applied timestamp with time zone NOT NULL
);


ALTER TABLE public.django_migrations OWNER TO postgres;

--
-- TOC entry 214 (class 1259 OID 74289)
-- Name: django_migrations_id_seq; Type: SEQUENCE; Schema: public; Owner: postgres
--

ALTER TABLE public.django_migrations ALTER COLUMN id ADD GENERATED BY DEFAULT AS IDENTITY (
    SEQUENCE NAME public.django_migrations_id_seq
    START WITH 1
    INCREMENT BY 1
    NO MINVALUE
    NO MAXVALUE
    CACHE 1
);


--
-- TOC entry 232 (class 1259 OID 74426)
-- Name: django_session; Type: TABLE; Schema: public; Owner: postgres
--

CREATE TABLE public.django_session (
    session_key character varying(40) NOT NULL,
    session_data text NOT NULL,
    expire_date timestamp with time zone NOT NULL
);


ALTER TABLE public.django_session OWNER TO postgres;

--
-- TOC entry 241 (class 1259 OID 74491)
-- Name: website_comment; Type: TABLE; Schema: public; Owner: postgres
--

CREATE TABLE public.website_comment (
    id integer NOT NULL,
    name character varying(255) NOT NULL,
    body text NOT NULL,
    data_added timestamp with time zone NOT NULL,
    post_id integer NOT NULL
);


ALTER TABLE public.website_comment OWNER TO postgres;

--
-- TOC entry 233 (class 1259 OID 74435)
-- Name: website_customer; Type: TABLE; Schema: public; Owner: postgres
--

CREATE TABLE public.website_customer (
    id character varying(9) NOT NULL,
    "Image" character varying(100) NOT NULL,
    "Name" character varying(200),
    "Phone" character varying(200),
    "Email" character varying(200),
    is_email_verified boolean NOT NULL,
    "Twitter" character varying(200),
    "Instagram" character varying(200),
    "Facebook" character varying(200),
    "Point" double precision NOT NULL,
    "Address" character varying(200),
    "DataCreated" timestamp with time zone,
    auth_token uuid NOT NULL,
    "User_id" integer
);


ALTER TABLE public.website_customer OWNER TO postgres;

--
-- TOC entry 240 (class 1259 OID 74484)
-- Name: website_customervouchers; Type: TABLE; Schema: public; Owner: postgres
--

CREATE TABLE public.website_customervouchers (
    id integer NOT NULL,
    "Buy_time" timestamp with time zone,
    "GenerateCode" character varying(9),
    "Customer_id_id" character varying(9) NOT NULL,
    "Voucher_id_id" integer NOT NULL
);


ALTER TABLE public.website_customervouchers OWNER TO postgres;

--
-- TOC entry 234 (class 1259 OID 74444)
-- Name: website_news; Type: TABLE; Schema: public; Owner: postgres
--

CREATE TABLE public.website_news (
    id integer NOT NULL,
    title character varying(255) NOT NULL,
    "Create" timestamp with time zone,
    body text NOT NULL
);


ALTER TABLE public.website_news OWNER TO postgres;

--
-- TOC entry 235 (class 1259 OID 74451)
-- Name: website_partner; Type: TABLE; Schema: public; Owner: postgres
--

CREATE TABLE public.website_partner (
    id integer NOT NULL,
    "Image" character varying(100) NOT NULL,
    "CreateAt" timestamp with time zone,
    "Name" character varying(200),
    "Phone" character varying(200),
    "Email" character varying(200)
);


ALTER TABLE public.website_partner OWNER TO postgres;

--
-- TOC entry 239 (class 1259 OID 74477)
-- Name: website_trashdetail; Type: TABLE; Schema: public; Owner: postgres
--

CREATE TABLE public.website_trashdetail (
    id integer NOT NULL,
    "CardBoard" integer,
    "Dangerous" integer,
    "Glass" integer,
    "Metal" integer,
    "Paper" integer,
    "Plastic" integer,
    "OtherGarbage" integer,
    "Description" character varying(300),
    "Trash_list_id_id" integer
);


ALTER TABLE public.website_trashdetail OWNER TO postgres;

--
-- TOC entry 238 (class 1259 OID 74470)
-- Name: website_trashlist; Type: TABLE; Schema: public; Owner: postgres
--

CREATE TABLE public.website_trashlist (
    id integer NOT NULL,
    "CreateAt" timestamp with time zone,
    "NumOfTrash" integer,
    "TotalScore" double precision,
    "Description" text NOT NULL,
    "IdUser_id" character varying(9)
);


ALTER TABLE public.website_trashlist OWNER TO postgres;

--
-- TOC entry 236 (class 1259 OID 74458)
-- Name: website_trashtype; Type: TABLE; Schema: public; Owner: postgres
--

CREATE TABLE public.website_trashtype (
    id integer NOT NULL,
    "Name" character varying(10),
    "Point" integer
);


ALTER TABLE public.website_trashtype OWNER TO postgres;

--
-- TOC entry 237 (class 1259 OID 74463)
-- Name: website_voucher; Type: TABLE; Schema: public; Owner: postgres
--

CREATE TABLE public.website_voucher (
    id integer NOT NULL,
    title character varying(255) NOT NULL,
    "AmountAvailable" integer,
    "Create" timestamp with time zone,
    body text NOT NULL,
    "NeededPoint" double precision NOT NULL,
    author_id integer NOT NULL
);


ALTER TABLE public.website_voucher OWNER TO postgres;

--
-- TOC entry 3499 (class 0 OID 74312)
-- Dependencies: 221
-- Data for Name: auth_group; Type: TABLE DATA; Schema: public; Owner: postgres
--



--
-- TOC entry 3501 (class 0 OID 74320)
-- Dependencies: 223
-- Data for Name: auth_group_permissions; Type: TABLE DATA; Schema: public; Owner: postgres
--



--
-- TOC entry 3497 (class 0 OID 74306)
-- Dependencies: 219
-- Data for Name: auth_permission; Type: TABLE DATA; Schema: public; Owner: postgres
--

INSERT INTO public.auth_permission VALUES (1, 'Can add customer', 1, 'add_customer');
INSERT INTO public.auth_permission VALUES (2, 'Can change customer', 1, 'change_customer');
INSERT INTO public.auth_permission VALUES (3, 'Can delete customer', 1, 'delete_customer');
INSERT INTO public.auth_permission VALUES (4, 'Can view customer', 1, 'view_customer');
INSERT INTO public.auth_permission VALUES (5, 'Can add news', 2, 'add_news');
INSERT INTO public.auth_permission VALUES (6, 'Can change news', 2, 'change_news');
INSERT INTO public.auth_permission VALUES (7, 'Can delete news', 2, 'delete_news');
INSERT INTO public.auth_permission VALUES (8, 'Can view news', 2, 'view_news');
INSERT INTO public.auth_permission VALUES (9, 'Can add partner', 3, 'add_partner');
INSERT INTO public.auth_permission VALUES (10, 'Can change partner', 3, 'change_partner');
INSERT INTO public.auth_permission VALUES (11, 'Can delete partner', 3, 'delete_partner');
INSERT INTO public.auth_permission VALUES (12, 'Can view partner', 3, 'view_partner');
INSERT INTO public.auth_permission VALUES (13, 'Can add trash type', 4, 'add_trashtype');
INSERT INTO public.auth_permission VALUES (14, 'Can change trash type', 4, 'change_trashtype');
INSERT INTO public.auth_permission VALUES (15, 'Can delete trash type', 4, 'delete_trashtype');
INSERT INTO public.auth_permission VALUES (16, 'Can view trash type', 4, 'view_trashtype');
INSERT INTO public.auth_permission VALUES (17, 'Can add voucher', 5, 'add_voucher');
INSERT INTO public.auth_permission VALUES (18, 'Can change voucher', 5, 'change_voucher');
INSERT INTO public.auth_permission VALUES (19, 'Can delete voucher', 5, 'delete_voucher');
INSERT INTO public.auth_permission VALUES (20, 'Can view voucher', 5, 'view_voucher');
INSERT INTO public.auth_permission VALUES (21, 'Can add trash list', 6, 'add_trashlist');
INSERT INTO public.auth_permission VALUES (22, 'Can change trash list', 6, 'change_trashlist');
INSERT INTO public.auth_permission VALUES (23, 'Can delete trash list', 6, 'delete_trashlist');
INSERT INTO public.auth_permission VALUES (24, 'Can view trash list', 6, 'view_trashlist');
INSERT INTO public.auth_permission VALUES (25, 'Can add trash detail', 7, 'add_trashdetail');
INSERT INTO public.auth_permission VALUES (26, 'Can change trash detail', 7, 'change_trashdetail');
INSERT INTO public.auth_permission VALUES (27, 'Can delete trash detail', 7, 'delete_trashdetail');
INSERT INTO public.auth_permission VALUES (28, 'Can view trash detail', 7, 'view_trashdetail');
INSERT INTO public.auth_permission VALUES (29, 'Can add customer vouchers', 8, 'add_customervouchers');
INSERT INTO public.auth_permission VALUES (30, 'Can change customer vouchers', 8, 'change_customervouchers');
INSERT INTO public.auth_permission VALUES (31, 'Can delete customer vouchers', 8, 'delete_customervouchers');
INSERT INTO public.auth_permission VALUES (32, 'Can view customer vouchers', 8, 'view_customervouchers');
INSERT INTO public.auth_permission VALUES (33, 'Can add comment', 9, 'add_comment');
INSERT INTO public.auth_permission VALUES (34, 'Can change comment', 9, 'change_comment');
INSERT INTO public.auth_permission VALUES (35, 'Can delete comment', 9, 'delete_comment');
INSERT INTO public.auth_permission VALUES (36, 'Can view comment', 9, 'view_comment');
INSERT INTO public.auth_permission VALUES (37, 'Can add log entry', 10, 'add_logentry');
INSERT INTO public.auth_permission VALUES (38, 'Can change log entry', 10, 'change_logentry');
INSERT INTO public.auth_permission VALUES (39, 'Can delete log entry', 10, 'delete_logentry');
INSERT INTO public.auth_permission VALUES (40, 'Can view log entry', 10, 'view_logentry');
INSERT INTO public.auth_permission VALUES (41, 'Can add permission', 11, 'add_permission');
INSERT INTO public.auth_permission VALUES (42, 'Can change permission', 11, 'change_permission');
INSERT INTO public.auth_permission VALUES (43, 'Can delete permission', 11, 'delete_permission');
INSERT INTO public.auth_permission VALUES (44, 'Can view permission', 11, 'view_permission');
INSERT INTO public.auth_permission VALUES (45, 'Can add group', 12, 'add_group');
INSERT INTO public.auth_permission VALUES (46, 'Can change group', 12, 'change_group');
INSERT INTO public.auth_permission VALUES (47, 'Can delete group', 12, 'delete_group');
INSERT INTO public.auth_permission VALUES (48, 'Can view group', 12, 'view_group');
INSERT INTO public.auth_permission VALUES (49, 'Can add user', 13, 'add_user');
INSERT INTO public.auth_permission VALUES (50, 'Can change user', 13, 'change_user');
INSERT INTO public.auth_permission VALUES (51, 'Can delete user', 13, 'delete_user');
INSERT INTO public.auth_permission VALUES (52, 'Can view user', 13, 'view_user');
INSERT INTO public.auth_permission VALUES (53, 'Can add content type', 14, 'add_contenttype');
INSERT INTO public.auth_permission VALUES (54, 'Can change content type', 14, 'change_contenttype');
INSERT INTO public.auth_permission VALUES (55, 'Can delete content type', 14, 'delete_contenttype');
INSERT INTO public.auth_permission VALUES (56, 'Can view content type', 14, 'view_contenttype');
INSERT INTO public.auth_permission VALUES (57, 'Can add session', 15, 'add_session');
INSERT INTO public.auth_permission VALUES (58, 'Can change session', 15, 'change_session');
INSERT INTO public.auth_permission VALUES (59, 'Can delete session', 15, 'delete_session');
INSERT INTO public.auth_permission VALUES (60, 'Can view session', 15, 'view_session');


--
-- TOC entry 3503 (class 0 OID 74326)
-- Dependencies: 225
-- Data for Name: auth_user; Type: TABLE DATA; Schema: public; Owner: postgres
--

INSERT INTO public.auth_user VALUES (2, 'pbkdf2_sha256$390000$UyGu7GPSQ2xHHVKi37x9J0$9QKhuiKcqcSjBlq51GHgywLam6DMteCqeOScWFcFh5I=', '2023-04-22 19:40:56.091134+07', false, 'vitrannhat1', '', '', 'vitrannhat1@gmail.com', false, true, '2023-04-22 19:36:39.090944+07');
INSERT INTO public.auth_user VALUES (3, 'pbkdf2_sha256$390000$XyNF4GiW0qesAKsv2xazzJ$2DkOcriReN3SUsU3K4X/WUuZGYCjqGZVnpfIzC7f4GM=', '2023-04-22 19:41:59.148755+07', false, 'vitrannhat', '', '', 'vitrannhat@gmail.com', false, true, '2023-04-22 19:41:10.907552+07');
INSERT INTO public.auth_user VALUES (1, 'pbkdf2_sha256$390000$rNsBTIsJipaO1Fia9IMsx4$p5ZIChq0FgBEZ1EFMR+7QH5Uk2igkbTB8wZecTiIJBk=', '2023-04-22 19:45:32.984101+07', true, 'admin', '', '', '', true, true, '2023-04-22 19:33:29.840718+07');


--
-- TOC entry 3505 (class 0 OID 74334)
-- Dependencies: 227
-- Data for Name: auth_user_groups; Type: TABLE DATA; Schema: public; Owner: postgres
--



--
-- TOC entry 3507 (class 0 OID 74340)
-- Dependencies: 229
-- Data for Name: auth_user_user_permissions; Type: TABLE DATA; Schema: public; Owner: postgres
--



--
-- TOC entry 3509 (class 0 OID 74398)
-- Dependencies: 231
-- Data for Name: django_admin_log; Type: TABLE DATA; Schema: public; Owner: postgres
--

INSERT INTO public.django_admin_log VALUES (1, '2023-04-22 19:34:27.00725+07', '4387', 'Publisher', 1, '[{"added": {}}]', 3, 1);
INSERT INTO public.django_admin_log VALUES (2, '2023-04-22 19:34:34.85936+07', '9371', 'Samsung', 1, '[{"added": {}}]', 3, 1);
INSERT INTO public.django_admin_log VALUES (3, '2023-04-22 19:34:48.999659+07', '4436', 'Soundwave', 1, '[{"added": {}}]', 3, 1);
INSERT INTO public.django_admin_log VALUES (4, '2023-04-22 19:35:01.843807+07', '4979', 'Sample', 1, '[{"added": {}}]', 3, 1);
INSERT INTO public.django_admin_log VALUES (5, '2023-04-22 19:35:40.401042+07', '2926', 'Giảm 10% thanh toán hóa đơn điện tử từ 50K | Publisher', 1, '[{"added": {}}]', 5, 1);
INSERT INTO public.django_admin_log VALUES (6, '2023-04-22 19:36:01.900705+07', '2274', 'Mua 1 tặng 1 khi mua tại quầy Highland | Samsung', 1, '[{"added": {}}]', 5, 1);
INSERT INTO public.django_admin_log VALUES (7, '2023-04-22 19:36:22.619621+07', '67', 'Ám ảnh ''dòng kênh rác'' Chín Xiểng, dân kêu trời vì nặng mùi', 1, '[{"added": {}}]', 2, 1);
INSERT INTO public.django_admin_log VALUES (8, '2023-04-22 19:37:06.159592+07', 'VI9591', 'vitrannhat1', 2, '[{"changed": {"fields": ["Image", "Phone", "Twitter", "Instagram", "Facebook", "Point", "Address"]}}]', 1, 1);
INSERT INTO public.django_admin_log VALUES (9, '2023-04-22 19:37:36.947313+07', '2274', 'Mua 1 tặng 1 khi mua tại quầy Highland | Samsung', 2, '[{"changed": {"fields": ["AmountAvailable"]}}]', 5, 1);
INSERT INTO public.django_admin_log VALUES (10, '2023-04-22 19:41:53.522754+07', 'VI6202', 'vitrannhat', 2, '[{"changed": {"fields": ["Image", "Phone", "Is email verified", "Twitter", "Instagram", "Facebook", "Point", "Address"]}}]', 1, 1);


--
-- TOC entry 3495 (class 0 OID 74298)
-- Dependencies: 217
-- Data for Name: django_content_type; Type: TABLE DATA; Schema: public; Owner: postgres
--

INSERT INTO public.django_content_type VALUES (1, 'website', 'customer');
INSERT INTO public.django_content_type VALUES (2, 'website', 'news');
INSERT INTO public.django_content_type VALUES (3, 'website', 'partner');
INSERT INTO public.django_content_type VALUES (4, 'website', 'trashtype');
INSERT INTO public.django_content_type VALUES (5, 'website', 'voucher');
INSERT INTO public.django_content_type VALUES (6, 'website', 'trashlist');
INSERT INTO public.django_content_type VALUES (7, 'website', 'trashdetail');
INSERT INTO public.django_content_type VALUES (8, 'website', 'customervouchers');
INSERT INTO public.django_content_type VALUES (9, 'website', 'comment');
INSERT INTO public.django_content_type VALUES (10, 'admin', 'logentry');
INSERT INTO public.django_content_type VALUES (11, 'auth', 'permission');
INSERT INTO public.django_content_type VALUES (12, 'auth', 'group');
INSERT INTO public.django_content_type VALUES (13, 'auth', 'user');
INSERT INTO public.django_content_type VALUES (14, 'contenttypes', 'contenttype');
INSERT INTO public.django_content_type VALUES (15, 'sessions', 'session');


--
-- TOC entry 3493 (class 0 OID 74290)
-- Dependencies: 215
-- Data for Name: django_migrations; Type: TABLE DATA; Schema: public; Owner: postgres
--

INSERT INTO public.django_migrations VALUES (1, 'contenttypes', '0001_initial', '2023-04-22 19:32:42.355571+07');
INSERT INTO public.django_migrations VALUES (2, 'auth', '0001_initial', '2023-04-22 19:32:42.469577+07');
INSERT INTO public.django_migrations VALUES (3, 'admin', '0001_initial', '2023-04-22 19:32:42.498575+07');
INSERT INTO public.django_migrations VALUES (4, 'admin', '0002_logentry_remove_auto_add', '2023-04-22 19:32:42.507572+07');
INSERT INTO public.django_migrations VALUES (5, 'admin', '0003_logentry_add_action_flag_choices', '2023-04-22 19:32:42.5166+07');
INSERT INTO public.django_migrations VALUES (6, 'contenttypes', '0002_remove_content_type_name', '2023-04-22 19:32:42.532569+07');
INSERT INTO public.django_migrations VALUES (7, 'auth', '0002_alter_permission_name_max_length', '2023-04-22 19:32:42.543602+07');
INSERT INTO public.django_migrations VALUES (8, 'auth', '0003_alter_user_email_max_length', '2023-04-22 19:32:42.554344+07');
INSERT INTO public.django_migrations VALUES (9, 'auth', '0004_alter_user_username_opts', '2023-04-22 19:32:42.562545+07');
INSERT INTO public.django_migrations VALUES (10, 'auth', '0005_alter_user_last_login_null', '2023-04-22 19:32:42.572548+07');
INSERT INTO public.django_migrations VALUES (11, 'auth', '0006_require_contenttypes_0002', '2023-04-22 19:32:42.575072+07');
INSERT INTO public.django_migrations VALUES (12, 'auth', '0007_alter_validators_add_error_messages', '2023-04-22 19:32:42.585689+07');
INSERT INTO public.django_migrations VALUES (13, 'auth', '0008_alter_user_username_max_length', '2023-04-22 19:32:42.598657+07');
INSERT INTO public.django_migrations VALUES (14, 'auth', '0009_alter_user_last_name_max_length', '2023-04-22 19:32:42.607463+07');
INSERT INTO public.django_migrations VALUES (15, 'auth', '0010_alter_group_name_max_length', '2023-04-22 19:32:42.619435+07');
INSERT INTO public.django_migrations VALUES (16, 'auth', '0011_update_proxy_permissions', '2023-04-22 19:32:42.626643+07');
INSERT INTO public.django_migrations VALUES (17, 'auth', '0012_alter_user_first_name_max_length', '2023-04-22 19:32:42.638584+07');
INSERT INTO public.django_migrations VALUES (18, 'sessions', '0001_initial', '2023-04-22 19:32:42.659896+07');
INSERT INTO public.django_migrations VALUES (19, 'website', '0001_initial', '2023-04-22 19:32:42.875831+07');


--
-- TOC entry 3510 (class 0 OID 74426)
-- Dependencies: 232
-- Data for Name: django_session; Type: TABLE DATA; Schema: public; Owner: postgres
--

INSERT INTO public.django_session VALUES ('iioeoiqgkustb9o1760qcwzj3h3xz1l8', '.eJxVjDsOwjAQBe_iGlmx8S-U9DmDtbte4wCypTipEHeHSCmgfTPzXiLCtpa4dV7inMRFKHH63RDowXUH6Q711iS1ui4zyl2RB-1yaomf18P9OyjQy7fOrDBoCMYyBdKBHOnRKwOEhMqQshqH7D0mTMkFGNlbcx4oQ85aGyfeHwM8OLw:1pqCcO:D-do2E0ggSKwrD08NapAHQvHhdnwWrzHeG7kFp6t9Rc', '2023-05-06 19:45:32.987115+07');


--
-- TOC entry 3519 (class 0 OID 74491)
-- Dependencies: 241
-- Data for Name: website_comment; Type: TABLE DATA; Schema: public; Owner: postgres
--



--
-- TOC entry 3511 (class 0 OID 74435)
-- Dependencies: 233
-- Data for Name: website_customer; Type: TABLE DATA; Schema: public; Owner: postgres
--

INSERT INTO public.website_customer VALUES ('VI9591', 'profile_pics/team-51.jpg', 'vitrannhat1', '0919562182', 'vitrannhat1@gmail.com', false, 'https://www.facebook.com/vixsuntran', 'https://www.facebook.com/vixsuntran', 'https://www.facebook.com/vixsuntran', 99500, '28 Lê Thị Tính, An Khê, Thanh Khê, Đà Nẵng', '2023-04-22 19:36:39.464181+07', '077043f3-a9fa-48fe-900e-fc195ac884f5', 2);
INSERT INTO public.website_customer VALUES ('VI6202', 'profile_pics/team-51_creDT2t.jpg', 'vitrannhat', '0919562182', 'vitrannhat@gmail.com', true, 'https://www.facebook.com/vixsuntran', 'https://www.facebook.com/vixsuntran', 'https://www.facebook.com/vixsuntran', 499000, '28 Lê Thị Tính, An Khê, Thanh Khê, Đà Nẵng', '2023-04-22 19:41:11.183551+07', 'e89bfa7e-bc75-4a89-81cf-1fa404a58521', 3);


--
-- TOC entry 3518 (class 0 OID 74484)
-- Dependencies: 240
-- Data for Name: website_customervouchers; Type: TABLE DATA; Schema: public; Owner: postgres
--

INSERT INTO public.website_customervouchers VALUES (1589, '2023-04-22 19:39:50.967012+07', 'VI2767', 'VI9591', 2926);
INSERT INTO public.website_customervouchers VALUES (5169, '2023-04-22 19:42:10.995171+07', 'VI2246005', 'VI6202', 2926);
INSERT INTO public.website_customervouchers VALUES (5339, '2023-04-22 19:43:32.897784+07', 'PU5454650', 'VI6202', 2926);


--
-- TOC entry 3512 (class 0 OID 74444)
-- Dependencies: 234
-- Data for Name: website_news; Type: TABLE DATA; Schema: public; Owner: postgres
--

INSERT INTO public.website_news VALUES (67, 'Ám ảnh ''dòng kênh rác'' Chín Xiểng, dân kêu trời vì nặng mùi', '2023-04-22 19:36:22.618636+07', '3 năm trở lại đây, mặc dù có nhiều giải pháp nhưng người dân ở ven bờ kênh Chín Xiểng (tại phường 5, quận Gò Vấp,  TP.HCM) vẫn chưa thoát khỏi nỗi ám ảnh sống chung với rác.');


--
-- TOC entry 3513 (class 0 OID 74451)
-- Dependencies: 235
-- Data for Name: website_partner; Type: TABLE DATA; Schema: public; Owner: postgres
--

INSERT INTO public.website_partner VALUES (4387, 'voucher_pics/vendor-1_AP5FmxL.jpg', '2023-04-22 19:34:27.006254+07', 'Publisher', '0905463112', 'publisher@gmail.com');
INSERT INTO public.website_partner VALUES (9371, 'default.jpg', '2023-04-22 19:34:34.858311+07', 'Samsung', '0905463112', 'samsung@outlook.com');
INSERT INTO public.website_partner VALUES (4436, 'voucher_pics/vendor-4_M3fHmbH.jpg', '2023-04-22 19:34:48.998658+07', 'Soundwave', '0905463112', 'soundwave@gmail.com');
INSERT INTO public.website_partner VALUES (4979, 'voucher_pics/vendor-5_BlDB5xp.jpg', '2023-04-22 19:35:01.84281+07', 'Sample', '0905463112', 'sample@outlook.com');


--
-- TOC entry 3517 (class 0 OID 74477)
-- Dependencies: 239
-- Data for Name: website_trashdetail; Type: TABLE DATA; Schema: public; Owner: postgres
--



--
-- TOC entry 3516 (class 0 OID 74470)
-- Dependencies: 238
-- Data for Name: website_trashlist; Type: TABLE DATA; Schema: public; Owner: postgres
--



--
-- TOC entry 3514 (class 0 OID 74458)
-- Dependencies: 236
-- Data for Name: website_trashtype; Type: TABLE DATA; Schema: public; Owner: postgres
--



--
-- TOC entry 3515 (class 0 OID 74463)
-- Dependencies: 237
-- Data for Name: website_voucher; Type: TABLE DATA; Schema: public; Owner: postgres
--

INSERT INTO public.website_voucher VALUES (2274, 'Mua 1 tặng 1 khi mua tại quầy Highland', 0, '2023-04-22 19:36:01.898707+07', 'Mua 1 tặng 1 khi mua tại quầy Highland
Mua 1 tặng 1 khi mua tại quầy Highland', 500, 9371);
INSERT INTO public.website_voucher VALUES (2926, 'Giảm 10% thanh toán hóa đơn điện tử từ 50K', 97, '2023-04-22 19:35:40.399045+07', 'Chúng tôi dành tặng bạn thẻ quà giảm 10%  khi thanh toán hóa đơn điện tử qua MoMo

QUY ĐỊNH THẺ QUÀ
1. Mỗi thẻ quà tặng áp dụng cho 1 lần thanh toán
2. Thẻ quà tặng không được hoàn lại và không có giá trị quy đổi thành tiền mặt
3. Thẻ quà không được cộng gộp

HƯỚNG DẪN SỬ DỤNG
1. Nhấn SỬ DỤNG & nhận mã thẻ
2. Dùng mã để thanh toán hóa đơn điện tử trên MoMo

(*)Lưu ý: Thẻ quà sẽ không được hoàn lại đối với các giao dịch yêu cầu hoàn tiền.', 500, 4387);


--
-- TOC entry 3525 (class 0 OID 0)
-- Dependencies: 220
-- Name: auth_group_id_seq; Type: SEQUENCE SET; Schema: public; Owner: postgres
--

SELECT pg_catalog.setval('public.auth_group_id_seq', 1, false);


--
-- TOC entry 3526 (class 0 OID 0)
-- Dependencies: 222
-- Name: auth_group_permissions_id_seq; Type: SEQUENCE SET; Schema: public; Owner: postgres
--

SELECT pg_catalog.setval('public.auth_group_permissions_id_seq', 1, false);


--
-- TOC entry 3527 (class 0 OID 0)
-- Dependencies: 218
-- Name: auth_permission_id_seq; Type: SEQUENCE SET; Schema: public; Owner: postgres
--

SELECT pg_catalog.setval('public.auth_permission_id_seq', 60, true);


--
-- TOC entry 3528 (class 0 OID 0)
-- Dependencies: 226
-- Name: auth_user_groups_id_seq; Type: SEQUENCE SET; Schema: public; Owner: postgres
--

SELECT pg_catalog.setval('public.auth_user_groups_id_seq', 1, false);


--
-- TOC entry 3529 (class 0 OID 0)
-- Dependencies: 224
-- Name: auth_user_id_seq; Type: SEQUENCE SET; Schema: public; Owner: postgres
--

SELECT pg_catalog.setval('public.auth_user_id_seq', 3, true);


--
-- TOC entry 3530 (class 0 OID 0)
-- Dependencies: 228
-- Name: auth_user_user_permissions_id_seq; Type: SEQUENCE SET; Schema: public; Owner: postgres
--

SELECT pg_catalog.setval('public.auth_user_user_permissions_id_seq', 1, false);


--
-- TOC entry 3531 (class 0 OID 0)
-- Dependencies: 230
-- Name: django_admin_log_id_seq; Type: SEQUENCE SET; Schema: public; Owner: postgres
--

SELECT pg_catalog.setval('public.django_admin_log_id_seq', 10, true);


--
-- TOC entry 3532 (class 0 OID 0)
-- Dependencies: 216
-- Name: django_content_type_id_seq; Type: SEQUENCE SET; Schema: public; Owner: postgres
--

SELECT pg_catalog.setval('public.django_content_type_id_seq', 15, true);


--
-- TOC entry 3533 (class 0 OID 0)
-- Dependencies: 214
-- Name: django_migrations_id_seq; Type: SEQUENCE SET; Schema: public; Owner: postgres
--

SELECT pg_catalog.setval('public.django_migrations_id_seq', 19, true);


--
-- TOC entry 3267 (class 2606 OID 74424)
-- Name: auth_group auth_group_name_key; Type: CONSTRAINT; Schema: public; Owner: postgres
--

ALTER TABLE ONLY public.auth_group
    ADD CONSTRAINT auth_group_name_key UNIQUE (name);


--
-- TOC entry 3272 (class 2606 OID 74355)
-- Name: auth_group_permissions auth_group_permissions_group_id_permission_id_0cd325b0_uniq; Type: CONSTRAINT; Schema: public; Owner: postgres
--

ALTER TABLE ONLY public.auth_group_permissions
    ADD CONSTRAINT auth_group_permissions_group_id_permission_id_0cd325b0_uniq UNIQUE (group_id, permission_id);


--
-- TOC entry 3275 (class 2606 OID 74324)
-- Name: auth_group_permissions auth_group_permissions_pkey; Type: CONSTRAINT; Schema: public; Owner: postgres
--

ALTER TABLE ONLY public.auth_group_permissions
    ADD CONSTRAINT auth_group_permissions_pkey PRIMARY KEY (id);


--
-- TOC entry 3269 (class 2606 OID 74316)
-- Name: auth_group auth_group_pkey; Type: CONSTRAINT; Schema: public; Owner: postgres
--

ALTER TABLE ONLY public.auth_group
    ADD CONSTRAINT auth_group_pkey PRIMARY KEY (id);


--
-- TOC entry 3262 (class 2606 OID 74346)
-- Name: auth_permission auth_permission_content_type_id_codename_01ab375a_uniq; Type: CONSTRAINT; Schema: public; Owner: postgres
--

ALTER TABLE ONLY public.auth_permission
    ADD CONSTRAINT auth_permission_content_type_id_codename_01ab375a_uniq UNIQUE (content_type_id, codename);


--
-- TOC entry 3264 (class 2606 OID 74310)
-- Name: auth_permission auth_permission_pkey; Type: CONSTRAINT; Schema: public; Owner: postgres
--

ALTER TABLE ONLY public.auth_permission
    ADD CONSTRAINT auth_permission_pkey PRIMARY KEY (id);


--
-- TOC entry 3283 (class 2606 OID 74338)
-- Name: auth_user_groups auth_user_groups_pkey; Type: CONSTRAINT; Schema: public; Owner: postgres
--

ALTER TABLE ONLY public.auth_user_groups
    ADD CONSTRAINT auth_user_groups_pkey PRIMARY KEY (id);


--
-- TOC entry 3286 (class 2606 OID 74370)
-- Name: auth_user_groups auth_user_groups_user_id_group_id_94350c0c_uniq; Type: CONSTRAINT; Schema: public; Owner: postgres
--

ALTER TABLE ONLY public.auth_user_groups
    ADD CONSTRAINT auth_user_groups_user_id_group_id_94350c0c_uniq UNIQUE (user_id, group_id);


--
-- TOC entry 3277 (class 2606 OID 74330)
-- Name: auth_user auth_user_pkey; Type: CONSTRAINT; Schema: public; Owner: postgres
--

ALTER TABLE ONLY public.auth_user
    ADD CONSTRAINT auth_user_pkey PRIMARY KEY (id);


--
-- TOC entry 3289 (class 2606 OID 74344)
-- Name: auth_user_user_permissions auth_user_user_permissions_pkey; Type: CONSTRAINT; Schema: public; Owner: postgres
--

ALTER TABLE ONLY public.auth_user_user_permissions
    ADD CONSTRAINT auth_user_user_permissions_pkey PRIMARY KEY (id);


--
-- TOC entry 3292 (class 2606 OID 74384)
-- Name: auth_user_user_permissions auth_user_user_permissions_user_id_permission_id_14a6b632_uniq; Type: CONSTRAINT; Schema: public; Owner: postgres
--

ALTER TABLE ONLY public.auth_user_user_permissions
    ADD CONSTRAINT auth_user_user_permissions_user_id_permission_id_14a6b632_uniq UNIQUE (user_id, permission_id);


--
-- TOC entry 3280 (class 2606 OID 74419)
-- Name: auth_user auth_user_username_key; Type: CONSTRAINT; Schema: public; Owner: postgres
--

ALTER TABLE ONLY public.auth_user
    ADD CONSTRAINT auth_user_username_key UNIQUE (username);


--
-- TOC entry 3295 (class 2606 OID 74405)
-- Name: django_admin_log django_admin_log_pkey; Type: CONSTRAINT; Schema: public; Owner: postgres
--

ALTER TABLE ONLY public.django_admin_log
    ADD CONSTRAINT django_admin_log_pkey PRIMARY KEY (id);


--
-- TOC entry 3257 (class 2606 OID 74304)
-- Name: django_content_type django_content_type_app_label_model_76bd3d3b_uniq; Type: CONSTRAINT; Schema: public; Owner: postgres
--

ALTER TABLE ONLY public.django_content_type
    ADD CONSTRAINT django_content_type_app_label_model_76bd3d3b_uniq UNIQUE (app_label, model);


--
-- TOC entry 3259 (class 2606 OID 74302)
-- Name: django_content_type django_content_type_pkey; Type: CONSTRAINT; Schema: public; Owner: postgres
--

ALTER TABLE ONLY public.django_content_type
    ADD CONSTRAINT django_content_type_pkey PRIMARY KEY (id);


--
-- TOC entry 3255 (class 2606 OID 74296)
-- Name: django_migrations django_migrations_pkey; Type: CONSTRAINT; Schema: public; Owner: postgres
--

ALTER TABLE ONLY public.django_migrations
    ADD CONSTRAINT django_migrations_pkey PRIMARY KEY (id);


--
-- TOC entry 3299 (class 2606 OID 74432)
-- Name: django_session django_session_pkey; Type: CONSTRAINT; Schema: public; Owner: postgres
--

ALTER TABLE ONLY public.django_session
    ADD CONSTRAINT django_session_pkey PRIMARY KEY (session_key);


--
-- TOC entry 3332 (class 2606 OID 74497)
-- Name: website_comment website_comment_pkey; Type: CONSTRAINT; Schema: public; Owner: postgres
--

ALTER TABLE ONLY public.website_comment
    ADD CONSTRAINT website_comment_pkey PRIMARY KEY (id);


--
-- TOC entry 3302 (class 2606 OID 74443)
-- Name: website_customer website_customer_User_id_key; Type: CONSTRAINT; Schema: public; Owner: postgres
--

ALTER TABLE ONLY public.website_customer
    ADD CONSTRAINT "website_customer_User_id_key" UNIQUE ("User_id");


--
-- TOC entry 3305 (class 2606 OID 74441)
-- Name: website_customer website_customer_pkey; Type: CONSTRAINT; Schema: public; Owner: postgres
--

ALTER TABLE ONLY public.website_customer
    ADD CONSTRAINT website_customer_pkey PRIMARY KEY (id);


--
-- TOC entry 3327 (class 2606 OID 74490)
-- Name: website_customervouchers website_customervouchers_GenerateCode_key; Type: CONSTRAINT; Schema: public; Owner: postgres
--

ALTER TABLE ONLY public.website_customervouchers
    ADD CONSTRAINT "website_customervouchers_GenerateCode_key" UNIQUE ("GenerateCode");


--
-- TOC entry 3330 (class 2606 OID 74488)
-- Name: website_customervouchers website_customervouchers_pkey; Type: CONSTRAINT; Schema: public; Owner: postgres
--

ALTER TABLE ONLY public.website_customervouchers
    ADD CONSTRAINT website_customervouchers_pkey PRIMARY KEY (id);


--
-- TOC entry 3307 (class 2606 OID 74450)
-- Name: website_news website_news_pkey; Type: CONSTRAINT; Schema: public; Owner: postgres
--

ALTER TABLE ONLY public.website_news
    ADD CONSTRAINT website_news_pkey PRIMARY KEY (id);


--
-- TOC entry 3309 (class 2606 OID 74457)
-- Name: website_partner website_partner_pkey; Type: CONSTRAINT; Schema: public; Owner: postgres
--

ALTER TABLE ONLY public.website_partner
    ADD CONSTRAINT website_partner_pkey PRIMARY KEY (id);


--
-- TOC entry 3320 (class 2606 OID 74483)
-- Name: website_trashdetail website_trashdetail_Trash_list_id_id_key; Type: CONSTRAINT; Schema: public; Owner: postgres
--

ALTER TABLE ONLY public.website_trashdetail
    ADD CONSTRAINT "website_trashdetail_Trash_list_id_id_key" UNIQUE ("Trash_list_id_id");


--
-- TOC entry 3322 (class 2606 OID 74481)
-- Name: website_trashdetail website_trashdetail_pkey; Type: CONSTRAINT; Schema: public; Owner: postgres
--

ALTER TABLE ONLY public.website_trashdetail
    ADD CONSTRAINT website_trashdetail_pkey PRIMARY KEY (id);


--
-- TOC entry 3318 (class 2606 OID 74476)
-- Name: website_trashlist website_trashlist_pkey; Type: CONSTRAINT; Schema: public; Owner: postgres
--

ALTER TABLE ONLY public.website_trashlist
    ADD CONSTRAINT website_trashlist_pkey PRIMARY KEY (id);


--
-- TOC entry 3311 (class 2606 OID 74462)
-- Name: website_trashtype website_trashtype_pkey; Type: CONSTRAINT; Schema: public; Owner: postgres
--

ALTER TABLE ONLY public.website_trashtype
    ADD CONSTRAINT website_trashtype_pkey PRIMARY KEY (id);


--
-- TOC entry 3314 (class 2606 OID 74469)
-- Name: website_voucher website_voucher_pkey; Type: CONSTRAINT; Schema: public; Owner: postgres
--

ALTER TABLE ONLY public.website_voucher
    ADD CONSTRAINT website_voucher_pkey PRIMARY KEY (id);


--
-- TOC entry 3265 (class 1259 OID 74425)
-- Name: auth_group_name_a6ea08ec_like; Type: INDEX; Schema: public; Owner: postgres
--

CREATE INDEX auth_group_name_a6ea08ec_like ON public.auth_group USING btree (name varchar_pattern_ops);


--
-- TOC entry 3270 (class 1259 OID 74366)
-- Name: auth_group_permissions_group_id_b120cbf9; Type: INDEX; Schema: public; Owner: postgres
--

CREATE INDEX auth_group_permissions_group_id_b120cbf9 ON public.auth_group_permissions USING btree (group_id);


--
-- TOC entry 3273 (class 1259 OID 74367)
-- Name: auth_group_permissions_permission_id_84c5c92e; Type: INDEX; Schema: public; Owner: postgres
--

CREATE INDEX auth_group_permissions_permission_id_84c5c92e ON public.auth_group_permissions USING btree (permission_id);


--
-- TOC entry 3260 (class 1259 OID 74352)
-- Name: auth_permission_content_type_id_2f476e4b; Type: INDEX; Schema: public; Owner: postgres
--

CREATE INDEX auth_permission_content_type_id_2f476e4b ON public.auth_permission USING btree (content_type_id);


--
-- TOC entry 3281 (class 1259 OID 74382)
-- Name: auth_user_groups_group_id_97559544; Type: INDEX; Schema: public; Owner: postgres
--

CREATE INDEX auth_user_groups_group_id_97559544 ON public.auth_user_groups USING btree (group_id);


--
-- TOC entry 3284 (class 1259 OID 74381)
-- Name: auth_user_groups_user_id_6a12ed8b; Type: INDEX; Schema: public; Owner: postgres
--

CREATE INDEX auth_user_groups_user_id_6a12ed8b ON public.auth_user_groups USING btree (user_id);


--
-- TOC entry 3287 (class 1259 OID 74396)
-- Name: auth_user_user_permissions_permission_id_1fbb5f2c; Type: INDEX; Schema: public; Owner: postgres
--

CREATE INDEX auth_user_user_permissions_permission_id_1fbb5f2c ON public.auth_user_user_permissions USING btree (permission_id);


--
-- TOC entry 3290 (class 1259 OID 74395)
-- Name: auth_user_user_permissions_user_id_a95ead1b; Type: INDEX; Schema: public; Owner: postgres
--

CREATE INDEX auth_user_user_permissions_user_id_a95ead1b ON public.auth_user_user_permissions USING btree (user_id);


--
-- TOC entry 3278 (class 1259 OID 74420)
-- Name: auth_user_username_6821ab7c_like; Type: INDEX; Schema: public; Owner: postgres
--

CREATE INDEX auth_user_username_6821ab7c_like ON public.auth_user USING btree (username varchar_pattern_ops);


--
-- TOC entry 3293 (class 1259 OID 74416)
-- Name: django_admin_log_content_type_id_c4bce8eb; Type: INDEX; Schema: public; Owner: postgres
--

CREATE INDEX django_admin_log_content_type_id_c4bce8eb ON public.django_admin_log USING btree (content_type_id);


--
-- TOC entry 3296 (class 1259 OID 74417)
-- Name: django_admin_log_user_id_c564eba6; Type: INDEX; Schema: public; Owner: postgres
--

CREATE INDEX django_admin_log_user_id_c564eba6 ON public.django_admin_log USING btree (user_id);


--
-- TOC entry 3297 (class 1259 OID 74434)
-- Name: django_session_expire_date_a5c62663; Type: INDEX; Schema: public; Owner: postgres
--

CREATE INDEX django_session_expire_date_a5c62663 ON public.django_session USING btree (expire_date);


--
-- TOC entry 3300 (class 1259 OID 74433)
-- Name: django_session_session_key_c0390e0f_like; Type: INDEX; Schema: public; Owner: postgres
--

CREATE INDEX django_session_session_key_c0390e0f_like ON public.django_session USING btree (session_key varchar_pattern_ops);


--
-- TOC entry 3333 (class 1259 OID 74541)
-- Name: website_comment_post_id_e59b940c; Type: INDEX; Schema: public; Owner: postgres
--

CREATE INDEX website_comment_post_id_e59b940c ON public.website_comment USING btree (post_id);


--
-- TOC entry 3303 (class 1259 OID 74503)
-- Name: website_customer_id_5de5a388_like; Type: INDEX; Schema: public; Owner: postgres
--

CREATE INDEX website_customer_id_5de5a388_like ON public.website_customer USING btree (id varchar_pattern_ops);


--
-- TOC entry 3323 (class 1259 OID 74533)
-- Name: website_customervouchers_Customer_id_id_34be8db9; Type: INDEX; Schema: public; Owner: postgres
--

CREATE INDEX "website_customervouchers_Customer_id_id_34be8db9" ON public.website_customervouchers USING btree ("Customer_id_id");


--
-- TOC entry 3324 (class 1259 OID 74534)
-- Name: website_customervouchers_Customer_id_id_34be8db9_like; Type: INDEX; Schema: public; Owner: postgres
--

CREATE INDEX "website_customervouchers_Customer_id_id_34be8db9_like" ON public.website_customervouchers USING btree ("Customer_id_id" varchar_pattern_ops);


--
-- TOC entry 3325 (class 1259 OID 74532)
-- Name: website_customervouchers_GenerateCode_bd65fec9_like; Type: INDEX; Schema: public; Owner: postgres
--

CREATE INDEX "website_customervouchers_GenerateCode_bd65fec9_like" ON public.website_customervouchers USING btree ("GenerateCode" varchar_pattern_ops);


--
-- TOC entry 3328 (class 1259 OID 74535)
-- Name: website_customervouchers_Voucher_id_id_424b7239; Type: INDEX; Schema: public; Owner: postgres
--

CREATE INDEX "website_customervouchers_Voucher_id_id_424b7239" ON public.website_customervouchers USING btree ("Voucher_id_id");


--
-- TOC entry 3315 (class 1259 OID 74515)
-- Name: website_trashlist_IdUser_id_bc0c8b03; Type: INDEX; Schema: public; Owner: postgres
--

CREATE INDEX "website_trashlist_IdUser_id_bc0c8b03" ON public.website_trashlist USING btree ("IdUser_id");


--
-- TOC entry 3316 (class 1259 OID 74516)
-- Name: website_trashlist_IdUser_id_bc0c8b03_like; Type: INDEX; Schema: public; Owner: postgres
--

CREATE INDEX "website_trashlist_IdUser_id_bc0c8b03_like" ON public.website_trashlist USING btree ("IdUser_id" varchar_pattern_ops);


--
-- TOC entry 3312 (class 1259 OID 74509)
-- Name: website_voucher_author_id_94c7ecf5; Type: INDEX; Schema: public; Owner: postgres
--

CREATE INDEX website_voucher_author_id_94c7ecf5 ON public.website_voucher USING btree (author_id);


--
-- TOC entry 3335 (class 2606 OID 74361)
-- Name: auth_group_permissions auth_group_permissio_permission_id_84c5c92e_fk_auth_perm; Type: FK CONSTRAINT; Schema: public; Owner: postgres
--

ALTER TABLE ONLY public.auth_group_permissions
    ADD CONSTRAINT auth_group_permissio_permission_id_84c5c92e_fk_auth_perm FOREIGN KEY (permission_id) REFERENCES public.auth_permission(id) DEFERRABLE INITIALLY DEFERRED;


--
-- TOC entry 3336 (class 2606 OID 74356)
-- Name: auth_group_permissions auth_group_permissions_group_id_b120cbf9_fk_auth_group_id; Type: FK CONSTRAINT; Schema: public; Owner: postgres
--

ALTER TABLE ONLY public.auth_group_permissions
    ADD CONSTRAINT auth_group_permissions_group_id_b120cbf9_fk_auth_group_id FOREIGN KEY (group_id) REFERENCES public.auth_group(id) DEFERRABLE INITIALLY DEFERRED;


--
-- TOC entry 3334 (class 2606 OID 74347)
-- Name: auth_permission auth_permission_content_type_id_2f476e4b_fk_django_co; Type: FK CONSTRAINT; Schema: public; Owner: postgres
--

ALTER TABLE ONLY public.auth_permission
    ADD CONSTRAINT auth_permission_content_type_id_2f476e4b_fk_django_co FOREIGN KEY (content_type_id) REFERENCES public.django_content_type(id) DEFERRABLE INITIALLY DEFERRED;


--
-- TOC entry 3337 (class 2606 OID 74376)
-- Name: auth_user_groups auth_user_groups_group_id_97559544_fk_auth_group_id; Type: FK CONSTRAINT; Schema: public; Owner: postgres
--

ALTER TABLE ONLY public.auth_user_groups
    ADD CONSTRAINT auth_user_groups_group_id_97559544_fk_auth_group_id FOREIGN KEY (group_id) REFERENCES public.auth_group(id) DEFERRABLE INITIALLY DEFERRED;


--
-- TOC entry 3338 (class 2606 OID 74371)
-- Name: auth_user_groups auth_user_groups_user_id_6a12ed8b_fk_auth_user_id; Type: FK CONSTRAINT; Schema: public; Owner: postgres
--

ALTER TABLE ONLY public.auth_user_groups
    ADD CONSTRAINT auth_user_groups_user_id_6a12ed8b_fk_auth_user_id FOREIGN KEY (user_id) REFERENCES public.auth_user(id) DEFERRABLE INITIALLY DEFERRED;


--
-- TOC entry 3339 (class 2606 OID 74390)
-- Name: auth_user_user_permissions auth_user_user_permi_permission_id_1fbb5f2c_fk_auth_perm; Type: FK CONSTRAINT; Schema: public; Owner: postgres
--

ALTER TABLE ONLY public.auth_user_user_permissions
    ADD CONSTRAINT auth_user_user_permi_permission_id_1fbb5f2c_fk_auth_perm FOREIGN KEY (permission_id) REFERENCES public.auth_permission(id) DEFERRABLE INITIALLY DEFERRED;


--
-- TOC entry 3340 (class 2606 OID 74385)
-- Name: auth_user_user_permissions auth_user_user_permissions_user_id_a95ead1b_fk_auth_user_id; Type: FK CONSTRAINT; Schema: public; Owner: postgres
--

ALTER TABLE ONLY public.auth_user_user_permissions
    ADD CONSTRAINT auth_user_user_permissions_user_id_a95ead1b_fk_auth_user_id FOREIGN KEY (user_id) REFERENCES public.auth_user(id) DEFERRABLE INITIALLY DEFERRED;


--
-- TOC entry 3341 (class 2606 OID 74406)
-- Name: django_admin_log django_admin_log_content_type_id_c4bce8eb_fk_django_co; Type: FK CONSTRAINT; Schema: public; Owner: postgres
--

ALTER TABLE ONLY public.django_admin_log
    ADD CONSTRAINT django_admin_log_content_type_id_c4bce8eb_fk_django_co FOREIGN KEY (content_type_id) REFERENCES public.django_content_type(id) DEFERRABLE INITIALLY DEFERRED;


--
-- TOC entry 3342 (class 2606 OID 74411)
-- Name: django_admin_log django_admin_log_user_id_c564eba6_fk_auth_user_id; Type: FK CONSTRAINT; Schema: public; Owner: postgres
--

ALTER TABLE ONLY public.django_admin_log
    ADD CONSTRAINT django_admin_log_user_id_c564eba6_fk_auth_user_id FOREIGN KEY (user_id) REFERENCES public.auth_user(id) DEFERRABLE INITIALLY DEFERRED;


--
-- TOC entry 3349 (class 2606 OID 74536)
-- Name: website_comment website_comment_post_id_e59b940c_fk_website_voucher_id; Type: FK CONSTRAINT; Schema: public; Owner: postgres
--

ALTER TABLE ONLY public.website_comment
    ADD CONSTRAINT website_comment_post_id_e59b940c_fk_website_voucher_id FOREIGN KEY (post_id) REFERENCES public.website_voucher(id) DEFERRABLE INITIALLY DEFERRED;


--
-- TOC entry 3343 (class 2606 OID 74498)
-- Name: website_customer website_customer_User_id_56ce85fe_fk_auth_user_id; Type: FK CONSTRAINT; Schema: public; Owner: postgres
--

ALTER TABLE ONLY public.website_customer
    ADD CONSTRAINT "website_customer_User_id_56ce85fe_fk_auth_user_id" FOREIGN KEY ("User_id") REFERENCES public.auth_user(id) DEFERRABLE INITIALLY DEFERRED;


--
-- TOC entry 3347 (class 2606 OID 74522)
-- Name: website_customervouchers website_customervouc_Customer_id_id_34be8db9_fk_website_c; Type: FK CONSTRAINT; Schema: public; Owner: postgres
--

ALTER TABLE ONLY public.website_customervouchers
    ADD CONSTRAINT "website_customervouc_Customer_id_id_34be8db9_fk_website_c" FOREIGN KEY ("Customer_id_id") REFERENCES public.website_customer(id) DEFERRABLE INITIALLY DEFERRED;


--
-- TOC entry 3348 (class 2606 OID 74527)
-- Name: website_customervouchers website_customervouc_Voucher_id_id_424b7239_fk_website_v; Type: FK CONSTRAINT; Schema: public; Owner: postgres
--

ALTER TABLE ONLY public.website_customervouchers
    ADD CONSTRAINT "website_customervouc_Voucher_id_id_424b7239_fk_website_v" FOREIGN KEY ("Voucher_id_id") REFERENCES public.website_voucher(id) DEFERRABLE INITIALLY DEFERRED;


--
-- TOC entry 3346 (class 2606 OID 74517)
-- Name: website_trashdetail website_trashdetail_Trash_list_id_id_d70e779d_fk_website_t; Type: FK CONSTRAINT; Schema: public; Owner: postgres
--

ALTER TABLE ONLY public.website_trashdetail
    ADD CONSTRAINT "website_trashdetail_Trash_list_id_id_d70e779d_fk_website_t" FOREIGN KEY ("Trash_list_id_id") REFERENCES public.website_trashlist(id) DEFERRABLE INITIALLY DEFERRED;


--
-- TOC entry 3345 (class 2606 OID 74510)
-- Name: website_trashlist website_trashlist_IdUser_id_bc0c8b03_fk_website_customer_id; Type: FK CONSTRAINT; Schema: public; Owner: postgres
--

ALTER TABLE ONLY public.website_trashlist
    ADD CONSTRAINT "website_trashlist_IdUser_id_bc0c8b03_fk_website_customer_id" FOREIGN KEY ("IdUser_id") REFERENCES public.website_customer(id) DEFERRABLE INITIALLY DEFERRED;


--
-- TOC entry 3344 (class 2606 OID 74504)
-- Name: website_voucher website_voucher_author_id_94c7ecf5_fk_website_partner_id; Type: FK CONSTRAINT; Schema: public; Owner: postgres
--

ALTER TABLE ONLY public.website_voucher
    ADD CONSTRAINT website_voucher_author_id_94c7ecf5_fk_website_partner_id FOREIGN KEY (author_id) REFERENCES public.website_partner(id) DEFERRABLE INITIALLY DEFERRED;


-- Completed on 2023-04-22 19:51:50

--
-- PostgreSQL database dump complete
--

